NC_003197.2	831
NC_003197.2	15775
NC_003197.2	19756
NC_003197.2	19762
NC_003197.2	23156
NC_003197.2	34091
NC_003197.2	34754
NC_003197.2	35965
NC_003197.2	63812
NC_003197.2	63842
NC_003197.2	63854
NC_003197.2	63893
NC_003197.2	63959
NC_003197.2	63968
NC_003197.2	63977
NC_003197.2	64001
NC_003197.2	64019
NC_003197.2	64028
NC_003197.2	64030
NC_003197.2	64031
NC_003197.2	64033
NC_003197.2	64100
NC_003197.2	64106
NC_003197.2	64107
NC_003197.2	64124
NC_003197.2	64125
NC_003197.2	64126
NC_003197.2	64223
NC_003197.2	64318
NC_003197.2	64325
NC_003197.2	64331
NC_003197.2	64343
NC_003197.2	64366
NC_003197.2	64382
NC_003197.2	64427
NC_003197.2	64448
NC_003197.2	64454
NC_003197.2	64469
NC_003197.2	64484
NC_003197.2	64487
NC_003197.2	64490
NC_003197.2	64531
NC_003197.2	64544
NC_003197.2	64559
NC_003197.2	64562
NC_003197.2	64565
NC_003197.2	64594
NC_003197.2	64595
NC_003197.2	64619
NC_003197.2	64622
NC_003197.2	64669
NC_003197.2	64670
NC_003197.2	64673
NC_003197.2	64676
NC_003197.2	64682
NC_003197.2	64688
NC_003197.2	64691
NC_003197.2	64709
NC_003197.2	64712
NC_003197.2	64772
NC_003197.2	64853
NC_003197.2	64854
NC_003197.2	64856
NC_003197.2	64861
NC_003197.2	64901
NC_003197.2	64904
NC_003197.2	64952
NC_003197.2	64994
NC_003197.2	65042
NC_003197.2	65045
NC_003197.2	65084
NC_003197.2	65087
NC_003197.2	65117
NC_003197.2	65135
NC_003197.2	65213
NC_003197.2	65216
NC_003197.2	65288
NC_003197.2	65290
NC_003197.2	65315
NC_003197.2	65318
NC_003197.2	65351
NC_003197.2	65375
NC_003197.2	65393
NC_003197.2	65423
NC_003197.2	65447
NC_003197.2	65462
NC_003197.2	65513
NC_003197.2	65543
NC_003197.2	65564
NC_003197.2	65573
NC_003197.2	65579
NC_003197.2	65585
NC_003197.2	65624
NC_003197.2	65753
NC_003197.2	65771
NC_003197.2	75261
NC_003197.2	81645
NC_003197.2	91041
NC_003197.2	103018
NC_003197.2	104421
NC_003197.2	122218
NC_003197.2	127747
NC_003197.2	135868
NC_003197.2	157920
NC_003197.2	166348
NC_003197.2	166580
NC_003197.2	169825
NC_003197.2	174887
NC_003197.2	177553
NC_003197.2	178926
NC_003197.2	185256
NC_003197.2	188821
NC_003197.2	192226
NC_003197.2	195757
NC_003197.2	205799
NC_003197.2	207879
NC_003197.2	209195
NC_003197.2	229973
NC_003197.2	240046
NC_003197.2	274047
NC_003197.2	274610
NC_003197.2	276003
NC_003197.2	282139
NC_003197.2	289092
NC_003197.2	289098
NC_003197.2	289099
NC_003197.2	289100
NC_003197.2	289101
NC_003197.2	289162
NC_003197.2	290185
NC_003197.2	290186
NC_003197.2	290187
NC_003197.2	290202
NC_003197.2	292514
NC_003197.2	292515
NC_003197.2	292518
NC_003197.2	292519
NC_003197.2	292521
NC_003197.2	292526
NC_003197.2	292531
NC_003197.2	292535
NC_003197.2	292572
NC_003197.2	292583
NC_003197.2	292586
NC_003197.2	292590
NC_003197.2	292628
NC_003197.2	292640
NC_003197.2	292648
NC_003197.2	292649
NC_003197.2	292944
NC_003197.2	293015
NC_003197.2	293016
NC_003197.2	293157
NC_003197.2	294360
NC_003197.2	294363
NC_003197.2	294364
NC_003197.2	294374
NC_003197.2	294376
NC_003197.2	294385
NC_003197.2	294387
NC_003197.2	294478
NC_003197.2	294481
NC_003197.2	294482
NC_003197.2	294488
NC_003197.2	294497
NC_003197.2	294503
NC_003197.2	294505
NC_003197.2	294508
NC_003197.2	294509
NC_003197.2	295761
NC_003197.2	298837
NC_003197.2	300478
NC_003197.2	309088
NC_003197.2	319408
NC_003197.2	324991
NC_003197.2	325015
NC_003197.2	327385
NC_003197.2	329290
NC_003197.2	341797
NC_003197.2	342505
NC_003197.2	350449
NC_003197.2	357832
NC_003197.2	359603
NC_003197.2	360290
NC_003197.2	368924
NC_003197.2	379061
NC_003197.2	382800
NC_003197.2	383623
NC_003197.2	386563
NC_003197.2	389716
NC_003197.2	390078
NC_003197.2	391485
NC_003197.2	406323
NC_003197.2	406694
NC_003197.2	413409
NC_003197.2	415589
NC_003197.2	418595
NC_003197.2	431204
NC_003197.2	462748
NC_003197.2	463792
NC_003197.2	465292
NC_003197.2	466056
NC_003197.2	490224
NC_003197.2	510180
NC_003197.2	515092
NC_003197.2	515092
NC_003197.2	516993
NC_003197.2	554052
NC_003197.2	580179
NC_003197.2	585552
NC_003197.2	611263
NC_003197.2	611392
NC_003197.2	612355
NC_003197.2	622947
NC_003197.2	627101
NC_003197.2	635998
NC_003197.2	638367
NC_003197.2	643759
NC_003197.2	648668
NC_003197.2	652179
NC_003197.2	652920
NC_003197.2	660268
NC_003197.2	660392
NC_003197.2	663067
NC_003197.2	668503
NC_003197.2	673840
NC_003197.2	674649
NC_003197.2	678124
NC_003197.2	686522
NC_003197.2	690571
NC_003197.2	692240
NC_003197.2	707972
NC_003197.2	719624
NC_003197.2	720215
NC_003197.2	736126
NC_003197.2	766225
NC_003197.2	772048
NC_003197.2	773207
NC_003197.2	779842
NC_003197.2	785217
NC_003197.2	785218
NC_003197.2	789240
NC_003197.2	790679
NC_003197.2	797198
NC_003197.2	809080
NC_003197.2	811670
NC_003197.2	823018
NC_003197.2	829690
NC_003197.2	830127
NC_003197.2	830506
NC_003197.2	830778
NC_003197.2	830781
NC_003197.2	830784
NC_003197.2	830787
NC_003197.2	830868
NC_003197.2	830872
NC_003197.2	830877
NC_003197.2	830880
NC_003197.2	830883
NC_003197.2	830886
NC_003197.2	830931
NC_003197.2	830955
NC_003197.2	830958
NC_003197.2	831009
NC_003197.2	831030
NC_003197.2	831633
NC_003197.2	831651
NC_003197.2	831681
NC_003197.2	831684
NC_003197.2	831723
NC_003197.2	831726
NC_003197.2	831774
NC_003197.2	831864
NC_003197.2	831867
NC_003197.2	831907
NC_003197.2	831916
NC_003197.2	831918
NC_003197.2	831999
NC_003197.2	832059
NC_003197.2	832062
NC_003197.2	832080
NC_003197.2	832083
NC_003197.2	832089
NC_003197.2	832095
NC_003197.2	832098
NC_003197.2	832101
NC_003197.2	832102
NC_003197.2	832176
NC_003197.2	832177
NC_003197.2	832206
NC_003197.2	832209
NC_003197.2	832212
NC_003197.2	832227
NC_003197.2	832230
NC_003197.2	832233
NC_003197.2	832236
NC_003197.2	832240
NC_003197.2	832241
NC_003197.2	832251
NC_003197.2	832254
NC_003197.2	832281
NC_003197.2	832284
NC_003197.2	832287
NC_003197.2	832317
NC_003197.2	832323
NC_003197.2	832344
NC_003197.2	832405
NC_003197.2	832407
NC_003197.2	832410
NC_003197.2	832428
NC_003197.2	832440
NC_003197.2	832446
NC_003197.2	832453
NC_003197.2	832725
NC_003197.2	832833
NC_003197.2	833049
NC_003197.2	842598
NC_003197.2	845224
NC_003197.2	849047
NC_003197.2	850014
NC_003197.2	855765
NC_003197.2	857771
NC_003197.2	874136
NC_003197.2	874140
NC_003197.2	874140
NC_003197.2	875697
NC_003197.2	880093
NC_003197.2	886664
NC_003197.2	890010
NC_003197.2	895788
NC_003197.2	898397
NC_003197.2	904923
NC_003197.2	933908
NC_003197.2	939074
NC_003197.2	943696
NC_003197.2	962582
NC_003197.2	962587
NC_003197.2	1006263
NC_003197.2	1013511
NC_003197.2	1019706
NC_003197.2	1027987
NC_003197.2	1037991
NC_003197.2	1044685
NC_003197.2	1056910
NC_003197.2	1058472
NC_003197.2	1062889
NC_003197.2	1095021
NC_003197.2	1098245
NC_003197.2	1098277
NC_003197.2	1099562
NC_003197.2	1099592
NC_003197.2	1100174
NC_003197.2	1100211
NC_003197.2	1101024
NC_003197.2	1101072
NC_003197.2	1101601
NC_003197.2	1101673
NC_003197.2	1101869
NC_003197.2	1102040
NC_003197.2	1102282
NC_003197.2	1102330
NC_003197.2	1102414
NC_003197.2	1102486
NC_003197.2	1102504
NC_003197.2	1102599
NC_003197.2	1102655
NC_003197.2	1102707
NC_003197.2	1102730
NC_003197.2	1102852
NC_003197.2	1102888
NC_003197.2	1102891
NC_003197.2	1102894
NC_003197.2	1102906
NC_003197.2	1102912
NC_003197.2	1102915
NC_003197.2	1102918
NC_003197.2	1102937
NC_003197.2	1102945
NC_003197.2	1102951
NC_003197.2	1102962
NC_003197.2	1102982
NC_003197.2	1102988
NC_003197.2	1102991
NC_003197.2	1103005
NC_003197.2	1103013
NC_003197.2	1103026
NC_003197.2	1103038
NC_003197.2	1103040
NC_003197.2	1103049
NC_003197.2	1103053
NC_003197.2	1103055
NC_003197.2	1103056
NC_003197.2	1103057
NC_003197.2	1103067
NC_003197.2	1103074
NC_003197.2	1103089
NC_003197.2	1103091
NC_003197.2	1103096
NC_003197.2	1103106
NC_003197.2	1103123
NC_003197.2	1103136
NC_003197.2	1103141
NC_003197.2	1103146
NC_003197.2	1103149
NC_003197.2	1103150
NC_003197.2	1103155
NC_003197.2	1103158
NC_003197.2	1103161
NC_003197.2	1103165
NC_003197.2	1103167
NC_003197.2	1103168
NC_003197.2	1103169
NC_003197.2	1103179
NC_003197.2	1103183
NC_003197.2	1103184
NC_003197.2	1103190
NC_003197.2	1103193
NC_003197.2	1103197
NC_003197.2	1103203
NC_003197.2	1103210
NC_003197.2	1103214
NC_003197.2	1103218
NC_003197.2	1103219
NC_003197.2	1103221
NC_003197.2	1103227
NC_003197.2	1103239
NC_003197.2	1103241
NC_003197.2	1103244
NC_003197.2	1103245
NC_003197.2	1103255
NC_003197.2	1103260
NC_003197.2	1103270
NC_003197.2	1103272
NC_003197.2	1103274
NC_003197.2	1103277
NC_003197.2	1103279
NC_003197.2	1103281
NC_003197.2	1103298
NC_003197.2	1103301
NC_003197.2	1103302
NC_003197.2	1103308
NC_003197.2	1103313
NC_003197.2	1103316
NC_003197.2	1103319
NC_003197.2	1103320
NC_003197.2	1103330
NC_003197.2	1103337
NC_003197.2	1103338
NC_003197.2	1103346
NC_003197.2	1103347
NC_003197.2	1103348
NC_003197.2	1103351
NC_003197.2	1103353
NC_003197.2	1103355
NC_003197.2	1103357
NC_003197.2	1103366
NC_003197.2	1103368
NC_003197.2	1103377
NC_003197.2	1103386
NC_003197.2	1103391
NC_003197.2	1103392
NC_003197.2	1103398
NC_003197.2	1103400
NC_003197.2	1103401
NC_003197.2	1103404
NC_003197.2	1103407
NC_003197.2	1103410
NC_003197.2	1103412
NC_003197.2	1103423
NC_003197.2	1103424
NC_003197.2	1103425
NC_003197.2	1103430
NC_003197.2	1103431
NC_003197.2	1103442
NC_003197.2	1103446
NC_003197.2	1103448
NC_003197.2	1103458
NC_003197.2	1103459
NC_003197.2	1103460
NC_003197.2	1103476
NC_003197.2	1103482
NC_003197.2	1103484
NC_003197.2	1103501
NC_003197.2	1103502
NC_003197.2	1103512
NC_003197.2	1103515
NC_003197.2	1103518
NC_003197.2	1103521
NC_003197.2	1103524
NC_003197.2	1103530
NC_003197.2	1103538
NC_003197.2	1103539
NC_003197.2	1103542
NC_003197.2	1103548
NC_003197.2	1103551
NC_003197.2	1103557
NC_003197.2	1103560
NC_003197.2	1103562
NC_003197.2	1103605
NC_003197.2	1103664
NC_003197.2	1103689
NC_003197.2	1103729
NC_003197.2	1103735
NC_003197.2	1103739
NC_003197.2	1103771
NC_003197.2	1103812
NC_003197.2	1103868
NC_003197.2	1104309
NC_003197.2	1104384
NC_003197.2	1104402
NC_003197.2	1104436
NC_003197.2	1104510
NC_003197.2	1104537
NC_003197.2	1104564
NC_003197.2	1104584
NC_003197.2	1104621
NC_003197.2	1104625
NC_003197.2	1104657
NC_003197.2	1104688
NC_003197.2	1104689
NC_003197.2	1104821
NC_003197.2	1104840
NC_003197.2	1105735
NC_003197.2	1107643
NC_003197.2	1108013
NC_003197.2	1109517
NC_003197.2	1109529
NC_003197.2	1109545
NC_003197.2	1109553
NC_003197.2	1109554
NC_003197.2	1109569
NC_003197.2	1109572
NC_003197.2	1109578
NC_003197.2	1109585
NC_003197.2	1109588
NC_003197.2	1109593
NC_003197.2	1109615
NC_003197.2	1109623
NC_003197.2	1109624
NC_003197.2	1109630
NC_003197.2	1109633
NC_003197.2	1109648
NC_003197.2	1109652
NC_003197.2	1109658
NC_003197.2	1109661
NC_003197.2	1109662
NC_003197.2	1109663
NC_003197.2	1109667
NC_003197.2	1109669
NC_003197.2	1109691
NC_003197.2	1109700
NC_003197.2	1109703
NC_003197.2	1109707
NC_003197.2	1109712
NC_003197.2	1109718
NC_003197.2	1109719
NC_003197.2	1109721
NC_003197.2	1109724
NC_003197.2	1109725
NC_003197.2	1109728
NC_003197.2	1109733
NC_003197.2	1109736
NC_003197.2	1109739
NC_003197.2	1109740
NC_003197.2	1109743
NC_003197.2	1109744
NC_003197.2	1109746
NC_003197.2	1109750
NC_003197.2	1109751
NC_003197.2	1109754
NC_003197.2	1109757
NC_003197.2	1109771
NC_003197.2	1109773
NC_003197.2	1109774
NC_003197.2	1109776
NC_003197.2	1109778
NC_003197.2	1109781
NC_003197.2	1109782
NC_003197.2	1109791
NC_003197.2	1109792
NC_003197.2	1109794
NC_003197.2	1109800
NC_003197.2	1109805
NC_003197.2	1109815
NC_003197.2	1109817
NC_003197.2	1109826
NC_003197.2	1109829
NC_003197.2	1109832
NC_003197.2	1109838
NC_003197.2	1109851
NC_003197.2	1109853
NC_003197.2	1109856
NC_003197.2	1109861
NC_003197.2	1109862
NC_003197.2	1109868
NC_003197.2	1109878
NC_003197.2	1109879
NC_003197.2	1109882
NC_003197.2	1109885
NC_003197.2	1109887
NC_003197.2	1109902
NC_003197.2	1109904
NC_003197.2	1109906
NC_003197.2	1109907
NC_003197.2	1109925
NC_003197.2	1109934
NC_003197.2	1109935
NC_003197.2	1109936
NC_003197.2	1109937
NC_003197.2	1110010
NC_003197.2	1110025
NC_003197.2	1110028
NC_003197.2	1110037
NC_003197.2	1110046
NC_003197.2	1110055
NC_003197.2	1110085
NC_003197.2	1110161
NC_003197.2	1110233
NC_003197.2	1110355
NC_003197.2	1110472
NC_003197.2	1110481
NC_003197.2	1110502
NC_003197.2	1110520
NC_003197.2	1110541
NC_003197.2	1110597
NC_003197.2	1110618
NC_003197.2	1110646
NC_003197.2	1110698
NC_003197.2	1110766
NC_003197.2	1110863
NC_003197.2	1110887
NC_003197.2	1110901
NC_003197.2	1110929
NC_003197.2	1111001
NC_003197.2	1111100
NC_003197.2	1111129
NC_003197.2	1111142
NC_003197.2	1111192
NC_003197.2	1111230
NC_003197.2	1111253
NC_003197.2	1111337
NC_003197.2	1111415
NC_003197.2	1111416
NC_003197.2	1111420
NC_003197.2	1111426
NC_003197.2	1111432
NC_003197.2	1111435
NC_003197.2	1111448
NC_003197.2	1111451
NC_003197.2	1111452
NC_003197.2	1111457
NC_003197.2	1111459
NC_003197.2	1111462
NC_003197.2	1111468
NC_003197.2	1111471
NC_003197.2	1111474
NC_003197.2	1111479
NC_003197.2	1111480
NC_003197.2	1111483
NC_003197.2	1111486
NC_003197.2	1111490
NC_003197.2	1111496
NC_003197.2	1111500
NC_003197.2	1111504
NC_003197.2	1111505
NC_003197.2	1111506
NC_003197.2	1111507
NC_003197.2	1111509
NC_003197.2	1111510
NC_003197.2	1111523
NC_003197.2	1111526
NC_003197.2	1111527
NC_003197.2	1111542
NC_003197.2	1111549
NC_003197.2	1111550
NC_003197.2	1111555
NC_003197.2	1111556
NC_003197.2	1111560
NC_003197.2	1111561
NC_003197.2	1111565
NC_003197.2	1111581
NC_003197.2	1111584
NC_003197.2	1111586
NC_003197.2	1111587
NC_003197.2	1111589
NC_003197.2	1111592
NC_003197.2	1111594
NC_003197.2	1111597
NC_003197.2	1111602
NC_003197.2	1111607
NC_003197.2	1111611
NC_003197.2	1111612
NC_003197.2	1111615
NC_003197.2	1111620
NC_003197.2	1111623
NC_003197.2	1111625
NC_003197.2	1111626
NC_003197.2	1111634
NC_003197.2	1111635
NC_003197.2	1111639
NC_003197.2	1111641
NC_003197.2	1111644
NC_003197.2	1111645
NC_003197.2	1111669
NC_003197.2	1111670
NC_003197.2	1111672
NC_003197.2	1111692
NC_003197.2	1111694
NC_003197.2	1111700
NC_003197.2	1111702
NC_003197.2	1111709
NC_003197.2	1111712
NC_003197.2	1111719
NC_003197.2	1111731
NC_003197.2	1111738
NC_003197.2	1111740
NC_003197.2	1111744
NC_003197.2	1111745
NC_003197.2	1111746
NC_003197.2	1111751
NC_003197.2	1111753
NC_003197.2	1111756
NC_003197.2	1111759
NC_003197.2	1111760
NC_003197.2	1111761
NC_003197.2	1111762
NC_003197.2	1111768
NC_003197.2	1111771
NC_003197.2	1111772
NC_003197.2	1111775
NC_003197.2	1111777
NC_003197.2	1111778
NC_003197.2	1111784
NC_003197.2	1111789
NC_003197.2	1111790
NC_003197.2	1111792
NC_003197.2	1111793
NC_003197.2	1111797
NC_003197.2	1111802
NC_003197.2	1111803
NC_003197.2	1111809
NC_003197.2	1111811
NC_003197.2	1111813
NC_003197.2	1111814
NC_003197.2	1111816
NC_003197.2	1111823
NC_003197.2	1111834
NC_003197.2	1111839
NC_003197.2	1111849
NC_003197.2	1111851
NC_003197.2	1111854
NC_003197.2	1111857
NC_003197.2	1111860
NC_003197.2	1111861
NC_003197.2	1111864
NC_003197.2	1111870
NC_003197.2	1111878
NC_003197.2	1111883
NC_003197.2	1111884
NC_003197.2	1111886
NC_003197.2	1111889
NC_003197.2	1111891
NC_003197.2	1111898
NC_003197.2	1111899
NC_003197.2	1111900
NC_003197.2	1111910
NC_003197.2	1111912
NC_003197.2	1111913
NC_003197.2	1111919
NC_003197.2	1111921
NC_003197.2	1111925
NC_003197.2	1111929
NC_003197.2	1111944
NC_003197.2	1111962
NC_003197.2	1111965
NC_003197.2	1111978
NC_003197.2	1111980
NC_003197.2	1111981
NC_003197.2	1111997
NC_003197.2	1111998
NC_003197.2	1112004
NC_003197.2	1112007
NC_003197.2	1112014
NC_003197.2	1112016
NC_003197.2	1112018
NC_003197.2	1112024
NC_003197.2	1112029
NC_003197.2	1112039
NC_003197.2	1112046
NC_003197.2	1112056
NC_003197.2	1112061
NC_003197.2	1112064
NC_003197.2	1112067
NC_003197.2	1112074
NC_003197.2	1112080
NC_003197.2	1112081
NC_003197.2	1112101
NC_003197.2	1112102
NC_003197.2	1112103
NC_003197.2	1112104
NC_003197.2	1112112
NC_003197.2	1112115
NC_003197.2	1112125
NC_003197.2	1112133
NC_003197.2	1112136
NC_003197.2	1112141
NC_003197.2	1112142
NC_003197.2	1112145
NC_003197.2	1112150
NC_003197.2	1112155
NC_003197.2	1112156
NC_003197.2	1112162
NC_003197.2	1112165
NC_003197.2	1112166
NC_003197.2	1112168
NC_003197.2	1112174
NC_003197.2	1112176
NC_003197.2	1112182
NC_003197.2	1112185
NC_003197.2	1112190
NC_003197.2	1112191
NC_003197.2	1112197
NC_003197.2	1112205
NC_003197.2	1112212
NC_003197.2	1112215
NC_003197.2	1112216
NC_003197.2	1112217
NC_003197.2	1112221
NC_003197.2	1112249
NC_003197.2	1112250
NC_003197.2	1112255
NC_003197.2	1112258
NC_003197.2	1112261
NC_003197.2	1112262
NC_003197.2	1112264
NC_003197.2	1112268
NC_003197.2	1112271
NC_003197.2	1112279
NC_003197.2	1112286
NC_003197.2	1112288
NC_003197.2	1112303
NC_003197.2	1112310
NC_003197.2	1112311
NC_003197.2	1112314
NC_003197.2	1112359
NC_003197.2	1112362
NC_003197.2	1112364
NC_003197.2	1112368
NC_003197.2	1112369
NC_003197.2	1112370
NC_003197.2	1112372
NC_003197.2	1112373
NC_003197.2	1112379
NC_003197.2	1112388
NC_003197.2	1112389
NC_003197.2	1112399
NC_003197.2	1112401
NC_003197.2	1112416
NC_003197.2	1112421
NC_003197.2	1112533
NC_003197.2	1112537
NC_003197.2	1112548
NC_003197.2	1112549
NC_003197.2	1112556
NC_003197.2	1112558
NC_003197.2	1112562
NC_003197.2	1112565
NC_003197.2	1112566
NC_003197.2	1112567
NC_003197.2	1112579
NC_003197.2	1112588
NC_003197.2	1112591
NC_003197.2	1112597
NC_003197.2	1112604
NC_003197.2	1112607
NC_003197.2	1112608
NC_003197.2	1112612
NC_003197.2	1112623
NC_003197.2	1112643
NC_003197.2	1112646
NC_003197.2	1112705
NC_003197.2	1112712
NC_003197.2	1112715
NC_003197.2	1112722
NC_003197.2	1112726
NC_003197.2	1112735
NC_003197.2	1112736
NC_003197.2	1112740
NC_003197.2	1112748
NC_003197.2	1112749
NC_003197.2	1112750
NC_003197.2	1112757
NC_003197.2	1112761
NC_003197.2	1112762
NC_003197.2	1112764
NC_003197.2	1112766
NC_003197.2	1112767
NC_003197.2	1112769
NC_003197.2	1112772
NC_003197.2	1112775
NC_003197.2	1112783
NC_003197.2	1112784
NC_003197.2	1112786
NC_003197.2	1112788
NC_003197.2	1112791
NC_003197.2	1112794
NC_003197.2	1112798
NC_003197.2	1112810
NC_003197.2	1112812
NC_003197.2	1112813
NC_003197.2	1112818
NC_003197.2	1112825
NC_003197.2	1112827
NC_003197.2	1112839
NC_003197.2	1113050
NC_003197.2	1113754
NC_003197.2	1114508
NC_003197.2	1114719
NC_003197.2	1115027
NC_003197.2	1115404
NC_003197.2	1115563
NC_003197.2	1115703
NC_003197.2	1115745
NC_003197.2	1115754
NC_003197.2	1115760
NC_003197.2	1115766
NC_003197.2	1115767
NC_003197.2	1115769
NC_003197.2	1115775
NC_003197.2	1115781
NC_003197.2	1115783
NC_003197.2	1115790
NC_003197.2	1115792
NC_003197.2	1115793
NC_003197.2	1115798
NC_003197.2	1115810
NC_003197.2	1115829
NC_003197.2	1115861
NC_003197.2	1115871
NC_003197.2	1115878
NC_003197.2	1115883
NC_003197.2	1115889
NC_003197.2	1115893
NC_003197.2	1115895
NC_003197.2	1115902
NC_003197.2	1115903
NC_003197.2	1115906
NC_003197.2	1115915
NC_003197.2	1115916
NC_003197.2	1115919
NC_003197.2	1115920
NC_003197.2	1115925
NC_003197.2	1115931
NC_003197.2	1115932
NC_003197.2	1115938
NC_003197.2	1115941
NC_003197.2	1115944
NC_003197.2	1115945
NC_003197.2	1115950
NC_003197.2	1115952
NC_003197.2	1115954
NC_003197.2	1115955
NC_003197.2	1115956
NC_003197.2	1115957
NC_003197.2	1115964
NC_003197.2	1115965
NC_003197.2	1115973
NC_003197.2	1115976
NC_003197.2	1115977
NC_003197.2	1115979
NC_003197.2	1115983
NC_003197.2	1115986
NC_003197.2	1115989
NC_003197.2	1115990
NC_003197.2	1115991
NC_003197.2	1115995
NC_003197.2	1115996
NC_003197.2	1116001
NC_003197.2	1116005
NC_003197.2	1116006
NC_003197.2	1116012
NC_003197.2	1116019
NC_003197.2	1116024
NC_003197.2	1116031
NC_003197.2	1116035
NC_003197.2	1116044
NC_003197.2	1116051
NC_003197.2	1116052
NC_003197.2	1116053
NC_003197.2	1116059
NC_003197.2	1116060
NC_003197.2	1116063
NC_003197.2	1116064
NC_003197.2	1116066
NC_003197.2	1116072
NC_003197.2	1116074
NC_003197.2	1116078
NC_003197.2	1116080
NC_003197.2	1116098
NC_003197.2	1116099
NC_003197.2	1116100
NC_003197.2	1116101
NC_003197.2	1116107
NC_003197.2	1116112
NC_003197.2	1116120
NC_003197.2	1116123
NC_003197.2	1116130
NC_003197.2	1116158
NC_003197.2	1116163
NC_003197.2	1116164
NC_003197.2	1116166
NC_003197.2	1116168
NC_003197.2	1116169
NC_003197.2	1116175
NC_003197.2	1116177
NC_003197.2	1116178
NC_003197.2	1116180
NC_003197.2	1116182
NC_003197.2	1116184
NC_003197.2	1116189
NC_003197.2	1116191
NC_003197.2	1116193
NC_003197.2	1116195
NC_003197.2	1116203
NC_003197.2	1116205
NC_003197.2	1116206
NC_003197.2	1116212
NC_003197.2	1116213
NC_003197.2	1116217
NC_003197.2	1116220
NC_003197.2	1116221
NC_003197.2	1116231
NC_003197.2	1116234
NC_003197.2	1116236
NC_003197.2	1116241
NC_003197.2	1116243
NC_003197.2	1116386
NC_003197.2	1116388
NC_003197.2	1116392
NC_003197.2	1116395
NC_003197.2	1116401
NC_003197.2	1116413
NC_003197.2	1116415
NC_003197.2	1116452
NC_003197.2	1116457
NC_003197.2	1116459
NC_003197.2	1116463
NC_003197.2	1116465
NC_003197.2	1116471
NC_003197.2	1116482
NC_003197.2	1116487
NC_003197.2	1116499
NC_003197.2	1116500
NC_003197.2	1116502
NC_003197.2	1116504
NC_003197.2	1116509
NC_003197.2	1116516
NC_003197.2	1116517
NC_003197.2	1116519
NC_003197.2	1116540
NC_003197.2	1116551
NC_003197.2	1116552
NC_003197.2	1116557
NC_003197.2	1116560
NC_003197.2	1117286
NC_003197.2	1117293
NC_003197.2	1117294
NC_003197.2	1117297
NC_003197.2	1117298
NC_003197.2	1117302
NC_003197.2	1117303
NC_003197.2	1117330
NC_003197.2	1117333
NC_003197.2	1117342
NC_003197.2	1117347
NC_003197.2	1117349
NC_003197.2	1117358
NC_003197.2	1117363
NC_003197.2	1117365
NC_003197.2	1117612
NC_003197.2	1117630
NC_003197.2	1117631
NC_003197.2	1117641
NC_003197.2	1117645
NC_003197.2	1117647
NC_003197.2	1117650
NC_003197.2	1117654
NC_003197.2	1117658
NC_003197.2	1118106
NC_003197.2	1118115
NC_003197.2	1118117
NC_003197.2	1118120
NC_003197.2	1118127
NC_003197.2	1118137
NC_003197.2	1118292
NC_003197.2	1118293
NC_003197.2	1118294
NC_003197.2	1118296
NC_003197.2	1118298
NC_003197.2	1118301
NC_003197.2	1118306
NC_003197.2	1118308
NC_003197.2	1118314
NC_003197.2	1118322
NC_003197.2	1118323
NC_003197.2	1118328
NC_003197.2	1118340
NC_003197.2	1118344
NC_003197.2	1118347
NC_003197.2	1118351
NC_003197.2	1118352
NC_003197.2	1118356
NC_003197.2	1118359
NC_003197.2	1118371
NC_003197.2	1118372
NC_003197.2	1118374
NC_003197.2	1118381
NC_003197.2	1118387
NC_003197.2	1118391
NC_003197.2	1118396
NC_003197.2	1118397
NC_003197.2	1118399
NC_003197.2	1118400
NC_003197.2	1118401
NC_003197.2	1118431
NC_003197.2	1118433
NC_003197.2	1118434
NC_003197.2	1118435
NC_003197.2	1118439
NC_003197.2	1118448
NC_003197.2	1118454
NC_003197.2	1118455
NC_003197.2	1118467
NC_003197.2	1118474
NC_003197.2	1118479
NC_003197.2	1118482
NC_003197.2	1118484
NC_003197.2	1118485
NC_003197.2	1118492
NC_003197.2	1118499
NC_003197.2	1118501
NC_003197.2	1118610
NC_003197.2	1118616
NC_003197.2	1118619
NC_003197.2	1118636
NC_003197.2	1118637
NC_003197.2	1118642
NC_003197.2	1118649
NC_003197.2	1118655
NC_003197.2	1118656
NC_003197.2	1118658
NC_003197.2	1118659
NC_003197.2	1118661
NC_003197.2	1118671
NC_003197.2	1118678
NC_003197.2	1118679
NC_003197.2	1118682
NC_003197.2	1118686
NC_003197.2	1118704
NC_003197.2	1118707
NC_003197.2	1118709
NC_003197.2	1118710
NC_003197.2	1118716
NC_003197.2	1118723
NC_003197.2	1118731
NC_003197.2	1118747
NC_003197.2	1118758
NC_003197.2	1118761
NC_003197.2	1118767
NC_003197.2	1118874
NC_003197.2	1118875
NC_003197.2	1118885
NC_003197.2	1118894
NC_003197.2	1118897
NC_003197.2	1119195
NC_003197.2	1119197
NC_003197.2	1119201
NC_003197.2	1119202
NC_003197.2	1119685
NC_003197.2	1119695
NC_003197.2	1119698
NC_003197.2	1119699
NC_003197.2	1119721
NC_003197.2	1119723
NC_003197.2	1119765
NC_003197.2	1119772
NC_003197.2	1120088
NC_003197.2	1120092
NC_003197.2	1120096
NC_003197.2	1120100
NC_003197.2	1120103
NC_003197.2	1120115
NC_003197.2	1120118
NC_003197.2	1120124
NC_003197.2	1120147
NC_003197.2	1120156
NC_003197.2	1120163
NC_003197.2	1120187
NC_003197.2	1120189
NC_003197.2	1120191
NC_003197.2	1120194
NC_003197.2	1120204
NC_003197.2	1120213
NC_003197.2	1120216
NC_003197.2	1120233
NC_003197.2	1120234
NC_003197.2	1120521
NC_003197.2	1120523
NC_003197.2	1120525
NC_003197.2	1120528
NC_003197.2	1120551
NC_003197.2	1120645
NC_003197.2	1120649
NC_003197.2	1120657
NC_003197.2	1120659
NC_003197.2	1120669
NC_003197.2	1120785
NC_003197.2	1120786
NC_003197.2	1120788
NC_003197.2	1120789
NC_003197.2	1120792
NC_003197.2	1120794
NC_003197.2	1120795
NC_003197.2	1120796
NC_003197.2	1120806
NC_003197.2	1120813
NC_003197.2	1120815
NC_003197.2	1120818
NC_003197.2	1120819
NC_003197.2	1120820
NC_003197.2	1120822
NC_003197.2	1120828
NC_003197.2	1120832
NC_003197.2	1120833
NC_003197.2	1120835
NC_003197.2	1120836
NC_003197.2	1120851
NC_003197.2	1120864
NC_003197.2	1120866
NC_003197.2	1120868
NC_003197.2	1120873
NC_003197.2	1120880
NC_003197.2	1120881
NC_003197.2	1120886
NC_003197.2	1120888
NC_003197.2	1120897
NC_003197.2	1120916
NC_003197.2	1120938
NC_003197.2	1120944
NC_003197.2	1120952
NC_003197.2	1120954
NC_003197.2	1120955
NC_003197.2	1120994
NC_003197.2	1120995
NC_003197.2	1121165
NC_003197.2	1121168
NC_003197.2	1121173
NC_003197.2	1121177
NC_003197.2	1121181
NC_003197.2	1121184
NC_003197.2	1121186
NC_003197.2	1121187
NC_003197.2	1121190
NC_003197.2	1121195
NC_003197.2	1121203
NC_003197.2	1121206
NC_003197.2	1121210
NC_003197.2	1121211
NC_003197.2	1121216
NC_003197.2	1121217
NC_003197.2	1121220
NC_003197.2	1121225
NC_003197.2	1121226
NC_003197.2	1121231
NC_003197.2	1121233
NC_003197.2	1121242
NC_003197.2	1121243
NC_003197.2	1121246
NC_003197.2	1121247
NC_003197.2	1121249
NC_003197.2	1121255
NC_003197.2	1121257
NC_003197.2	1121260
NC_003197.2	1121266
NC_003197.2	1121269
NC_003197.2	1121273
NC_003197.2	1121282
NC_003197.2	1121289
NC_003197.2	1121297
NC_003197.2	1121298
NC_003197.2	1121300
NC_003197.2	1121307
NC_003197.2	1121308
NC_003197.2	1121310
NC_003197.2	1121313
NC_003197.2	1121314
NC_003197.2	1121319
NC_003197.2	1121320
NC_003197.2	1121326
NC_003197.2	1121327
NC_003197.2	1121329
NC_003197.2	1121334
NC_003197.2	1121343
NC_003197.2	1121345
NC_003197.2	1121364
NC_003197.2	1121369
NC_003197.2	1121373
NC_003197.2	1121378
NC_003197.2	1121379
NC_003197.2	1121402
NC_003197.2	1121407
NC_003197.2	1121409
NC_003197.2	1121416
NC_003197.2	1121420
NC_003197.2	1121422
NC_003197.2	1121423
NC_003197.2	1121427
NC_003197.2	1121428
NC_003197.2	1121432
NC_003197.2	1121436
NC_003197.2	1121437
NC_003197.2	1121439
NC_003197.2	1121440
NC_003197.2	1121454
NC_003197.2	1121460
NC_003197.2	1121462
NC_003197.2	1121472
NC_003197.2	1121479
NC_003197.2	1121493
NC_003197.2	1121497
NC_003197.2	1121503
NC_003197.2	1121505
NC_003197.2	1121507
NC_003197.2	1121509
NC_003197.2	1121521
NC_003197.2	1121524
NC_003197.2	1121540
NC_003197.2	1121547
NC_003197.2	1121548
NC_003197.2	1121553
NC_003197.2	1121556
NC_003197.2	1121564
NC_003197.2	1121572
NC_003197.2	1121576
NC_003197.2	1121578
NC_003197.2	1121579
NC_003197.2	1121584
NC_003197.2	1121587
NC_003197.2	1121596
NC_003197.2	1121598
NC_003197.2	1121601
NC_003197.2	1121610
NC_003197.2	1121613
NC_003197.2	1121619
NC_003197.2	1121621
NC_003197.2	1121622
NC_003197.2	1121624
NC_003197.2	1121628
NC_003197.2	1121630
NC_003197.2	1121633
NC_003197.2	1121652
NC_003197.2	1121922
NC_003197.2	1121923
NC_003197.2	1121931
NC_003197.2	1121934
NC_003197.2	1121942
NC_003197.2	1121943
NC_003197.2	1122294
NC_003197.2	1122305
NC_003197.2	1122317
NC_003197.2	1122348
NC_003197.2	1122361
NC_003197.2	1122368
NC_003197.2	1122373
NC_003197.2	1122374
NC_003197.2	1122380
NC_003197.2	1122577
NC_003197.2	1122581
NC_003197.2	1122589
NC_003197.2	1122592
NC_003197.2	1122593
NC_003197.2	1123206
NC_003197.2	1123227
NC_003197.2	1123229
NC_003197.2	1123231
NC_003197.2	1123233
NC_003197.2	1123241
NC_003197.2	1123268
NC_003197.2	1123272
NC_003197.2	1123273
NC_003197.2	1123275
NC_003197.2	1123277
NC_003197.2	1123338
NC_003197.2	1123340
NC_003197.2	1123341
NC_003197.2	1123362
NC_003197.2	1123365
NC_003197.2	1123367
NC_003197.2	1123374
NC_003197.2	1123400
NC_003197.2	1123401
NC_003197.2	1123404
NC_003197.2	1123415
NC_003197.2	1123437
NC_003197.2	1123438
NC_003197.2	1123439
NC_003197.2	1123440
NC_003197.2	1123444
NC_003197.2	1123448
NC_003197.2	1123458
NC_003197.2	1123460
NC_003197.2	1123464
NC_003197.2	1123474
NC_003197.2	1123478
NC_003197.2	1123493
NC_003197.2	1123497
NC_003197.2	1123510
NC_003197.2	1123514
NC_003197.2	1123517
NC_003197.2	1123519
NC_003197.2	1123521
NC_003197.2	1123528
NC_003197.2	1123918
NC_003197.2	1123919
NC_003197.2	1123921
NC_003197.2	1124047
NC_003197.2	1124048
NC_003197.2	1124051
NC_003197.2	1124055
NC_003197.2	1124064
NC_003197.2	1124065
NC_003197.2	1124351
NC_003197.2	1124352
NC_003197.2	1124354
NC_003197.2	1124357
NC_003197.2	1124359
NC_003197.2	1124361
NC_003197.2	1124363
NC_003197.2	1124364
NC_003197.2	1124369
NC_003197.2	1124372
NC_003197.2	1124374
NC_003197.2	1124392
NC_003197.2	1124549
NC_003197.2	1124570
NC_003197.2	1124575
NC_003197.2	1124579
NC_003197.2	1124580
NC_003197.2	1124602
NC_003197.2	1124612
NC_003197.2	1124626
NC_003197.2	1124627
NC_003197.2	1124634
NC_003197.2	1124636
NC_003197.2	1124638
NC_003197.2	1124648
NC_003197.2	1124650
NC_003197.2	1124659
NC_003197.2	1124670
NC_003197.2	1124681
NC_003197.2	1124682
NC_003197.2	1124685
NC_003197.2	1124689
NC_003197.2	1124690
NC_003197.2	1124693
NC_003197.2	1124704
NC_003197.2	1124706
NC_003197.2	1124708
NC_003197.2	1124709
NC_003197.2	1124711
NC_003197.2	1124720
NC_003197.2	1124724
NC_003197.2	1124732
NC_003197.2	1124736
NC_003197.2	1124772
NC_003197.2	1124799
NC_003197.2	1125302
NC_003197.2	1125306
NC_003197.2	1125315
NC_003197.2	1125317
NC_003197.2	1125322
NC_003197.2	1125628
NC_003197.2	1125631
NC_003197.2	1125636
NC_003197.2	1125650
NC_003197.2	1125652
NC_003197.2	1125653
NC_003197.2	1125655
NC_003197.2	1125661
NC_003197.2	1125663
NC_003197.2	1125682
NC_003197.2	1125689
NC_003197.2	1125690
NC_003197.2	1126644
NC_003197.2	1126645
NC_003197.2	1126648
NC_003197.2	1126650
NC_003197.2	1126652
NC_003197.2	1126655
NC_003197.2	1126657
NC_003197.2	1126663
NC_003197.2	1126666
NC_003197.2	1126674
NC_003197.2	1126679
NC_003197.2	1126681
NC_003197.2	1126684
NC_003197.2	1126685
NC_003197.2	1126699
NC_003197.2	1126704
NC_003197.2	1126722
NC_003197.2	1126728
NC_003197.2	1126729
NC_003197.2	1126730
NC_003197.2	1126731
NC_003197.2	1126732
NC_003197.2	1126735
NC_003197.2	1126737
NC_003197.2	1126738
NC_003197.2	1126739
NC_003197.2	1126756
NC_003197.2	1126759
NC_003197.2	1126810
NC_003197.2	1126812
NC_003197.2	1126818
NC_003197.2	1126823
NC_003197.2	1127605
NC_003197.2	1128115
NC_003197.2	1128121
NC_003197.2	1128123
NC_003197.2	1128128
NC_003197.2	1128130
NC_003197.2	1128149
NC_003197.2	1128150
NC_003197.2	1128160
NC_003197.2	1128164
NC_003197.2	1128189
NC_003197.2	1128193
NC_003197.2	1128213
NC_003197.2	1128216
NC_003197.2	1128347
NC_003197.2	1128370
NC_003197.2	1128525
NC_003197.2	1128530
NC_003197.2	1128532
NC_003197.2	1128533
NC_003197.2	1128543
NC_003197.2	1128575
NC_003197.2	1129167
NC_003197.2	1129168
NC_003197.2	1129410
NC_003197.2	1132466
NC_003197.2	1133025
NC_003197.2	1135184
NC_003197.2	1135896
NC_003197.2	1136559
NC_003197.2	1138179
NC_003197.2	1138183
NC_003197.2	1138188
NC_003197.2	1138191
NC_003197.2	1138203
NC_003197.2	1138209
NC_003197.2	1138237
NC_003197.2	1138238
NC_003197.2	1138239
NC_003197.2	1138257
NC_003197.2	1138272
NC_003197.2	1138275
NC_003197.2	1138290
NC_003197.2	1138302
NC_003197.2	1138311
NC_003197.2	1138324
NC_003197.2	1138332
NC_003197.2	1138335
NC_003197.2	1138338
NC_003197.2	1138342
NC_003197.2	1138348
NC_003197.2	1138353
NC_003197.2	1138359
NC_003197.2	1138363
NC_003197.2	1138389
NC_003197.2	1138392
NC_003197.2	1138395
NC_003197.2	1138464
NC_003197.2	1138470
NC_003197.2	1138471
NC_003197.2	1139796
NC_003197.2	1139897
NC_003197.2	1140097
NC_003197.2	1141018
NC_003197.2	1141105
NC_003197.2	1141281
NC_003197.2	1142503
NC_003197.2	1152476
NC_003197.2	1157362
NC_003197.2	1157956
NC_003197.2	1197758
NC_003197.2	1200771
NC_003197.2	1202824
NC_003197.2	1203867
NC_003197.2	1205917
NC_003197.2	1206068
NC_003197.2	1222850
NC_003197.2	1224486
NC_003197.2	1224517
NC_003197.2	1224542
NC_003197.2	1225995
NC_003197.2	1227409
NC_003197.2	1227554
NC_003197.2	1251859
NC_003197.2	1252441
NC_003197.2	1253951
NC_003197.2	1257936
NC_003197.2	1261128
NC_003197.2	1274576
NC_003197.2	1292593
NC_003197.2	1295472
NC_003197.2	1298752
NC_003197.2	1303913
NC_003197.2	1326724
NC_003197.2	1351508
NC_003197.2	1375152
NC_003197.2	1378954
NC_003197.2	1386854
NC_003197.2	1399869
NC_003197.2	1415337
NC_003197.2	1427253
NC_003197.2	1428051
NC_003197.2	1435814
NC_003197.2	1462373
NC_003197.2	1469877
NC_003197.2	1475439
NC_003197.2	1505725
NC_003197.2	1507160
NC_003197.2	1524353
NC_003197.2	1533725
NC_003197.2	1535759
NC_003197.2	1538764
NC_003197.2	1552317
NC_003197.2	1557643
NC_003197.2	1562635
NC_003197.2	1572225
NC_003197.2	1588492
NC_003197.2	1593974
NC_003197.2	1598215
NC_003197.2	1613500
NC_003197.2	1620637
NC_003197.2	1631223
NC_003197.2	1636420
NC_003197.2	1668776
NC_003197.2	1673959
NC_003197.2	1684608
NC_003197.2	1686082
NC_003197.2	1695135
NC_003197.2	1696905
NC_003197.2	1711315
NC_003197.2	1719319
NC_003197.2	1753229
NC_003197.2	1760225
NC_003197.2	1760276
NC_003197.2	1764529
NC_003197.2	1766069
NC_003197.2	1769774
NC_003197.2	1781640
NC_003197.2	1786971
NC_003197.2	1789147
NC_003197.2	1789148
NC_003197.2	1789149
NC_003197.2	1789774
NC_003197.2	1791597
NC_003197.2	1791912
NC_003197.2	1794098
NC_003197.2	1816487
NC_003197.2	1819992
NC_003197.2	1821174
NC_003197.2	1831758
NC_003197.2	1832843
NC_003197.2	1853762
NC_003197.2	1865733
NC_003197.2	1866906
NC_003197.2	1875812
NC_003197.2	1883319
NC_003197.2	1885229
NC_003197.2	1896576
NC_003197.2	1903468
NC_003197.2	1903651
NC_003197.2	1931731
NC_003197.2	1938613
NC_003197.2	1939953
NC_003197.2	1941900
NC_003197.2	1945403
NC_003197.2	1952884
NC_003197.2	1958275
NC_003197.2	1962199
NC_003197.2	1966291
NC_003197.2	1966324
NC_003197.2	1966347
NC_003197.2	1966353
NC_003197.2	1966390
NC_003197.2	1966400
NC_003197.2	1966411
NC_003197.2	1966464
NC_003197.2	1966465
NC_003197.2	1966472
NC_003197.2	1966546
NC_003197.2	1966564
NC_003197.2	1966616
NC_003197.2	1966647
NC_003197.2	1966681
NC_003197.2	1966693
NC_003197.2	1966699
NC_003197.2	1966701
NC_003197.2	2007467
NC_003197.2	2025145
NC_003197.2	2026953
NC_003197.2	2030720
NC_003197.2	2037106
NC_003197.2	2048377
NC_003197.2	2052424
NC_003197.2	2055376
NC_003197.2	2069925
NC_003197.2	2077338
NC_003197.2	2082161
NC_003197.2	2082168
NC_003197.2	2082182
NC_003197.2	2082189
NC_003197.2	2082196
NC_003197.2	2082200
NC_003197.2	2082201
NC_003197.2	2082207
NC_003197.2	2082212
NC_003197.2	2082213
NC_003197.2	2082215
NC_003197.2	2082216
NC_003197.2	2083485
NC_003197.2	2085446
NC_003197.2	2093997
NC_003197.2	2094078
NC_003197.2	2101439
NC_003197.2	2123542
NC_003197.2	2129075
NC_003197.2	2129076
NC_003197.2	2146640
NC_003197.2	2147798
NC_003197.2	2153173
NC_003197.2	2169798
NC_003197.2	2174306
NC_003197.2	2194908
NC_003197.2	2202734
NC_003197.2	2204924
NC_003197.2	2208950
NC_003197.2	2211845
NC_003197.2	2215991
NC_003197.2	2223482
NC_003197.2	2227328
NC_003197.2	2227954
NC_003197.2	2232279
NC_003197.2	2233061
NC_003197.2	2274124
NC_003197.2	2281237
NC_003197.2	2285685
NC_003197.2	2292649
NC_003197.2	2298703
NC_003197.2	2301557
NC_003197.2	2311408
NC_003197.2	2317913
NC_003197.2	2319365
NC_003197.2	2332556
NC_003197.2	2336294
NC_003197.2	2336382
NC_003197.2	2336388
NC_003197.2	2336554
NC_003197.2	2336581
NC_003197.2	2336708
NC_003197.2	2339569
NC_003197.2	2339575
NC_003197.2	2339581
NC_003197.2	2339593
NC_003197.2	2339616
NC_003197.2	2339626
NC_003197.2	2339632
NC_003197.2	2339635
NC_003197.2	2339644
NC_003197.2	2339656
NC_003197.2	2339665
NC_003197.2	2339667
NC_003197.2	2339671
NC_003197.2	2339673
NC_003197.2	2339681
NC_003197.2	2339692
NC_003197.2	2339697
NC_003197.2	2339716
NC_003197.2	2339722
NC_003197.2	2339728
NC_003197.2	2339731
NC_003197.2	2339742
NC_003197.2	2339755
NC_003197.2	2339758
NC_003197.2	2339767
NC_003197.2	2339770
NC_003197.2	2339771
NC_003197.2	2339776
NC_003197.2	2339779
NC_003197.2	2339782
NC_003197.2	2339785
NC_003197.2	2339787
NC_003197.2	2339788
NC_003197.2	2339797
NC_003197.2	2339799
NC_003197.2	2339800
NC_003197.2	2339812
NC_003197.2	2339815
NC_003197.2	2339818
NC_003197.2	2339819
NC_003197.2	2339821
NC_003197.2	2339827
NC_003197.2	2339833
NC_003197.2	2339836
NC_003197.2	2339839
NC_003197.2	2339845
NC_003197.2	2339848
NC_003197.2	2339857
NC_003197.2	2339860
NC_003197.2	2339861
NC_003197.2	2339862
NC_003197.2	2339863
NC_003197.2	2339872
NC_003197.2	2339878
NC_003197.2	2339881
NC_003197.2	2339884
NC_003197.2	2339885
NC_003197.2	2339887
NC_003197.2	2339896
NC_003197.2	2339917
NC_003197.2	2339919
NC_003197.2	2339920
NC_003197.2	2339922
NC_003197.2	2339932
NC_003197.2	2339933
NC_003197.2	2339935
NC_003197.2	2339941
NC_003197.2	2339944
NC_003197.2	2339949
NC_003197.2	2339950
NC_003197.2	2339959
NC_003197.2	2339966
NC_003197.2	2339968
NC_003197.2	2339972
NC_003197.2	2339974
NC_003197.2	2339979
NC_003197.2	2339980
NC_003197.2	2339982
NC_003197.2	2339989
NC_003197.2	2339991
NC_003197.2	2339992
NC_003197.2	2339995
NC_003197.2	2339997
NC_003197.2	2340001
NC_003197.2	2340004
NC_003197.2	2340006
NC_003197.2	2340007
NC_003197.2	2340010
NC_003197.2	2340013
NC_003197.2	2340016
NC_003197.2	2340022
NC_003197.2	2340025
NC_003197.2	2340026
NC_003197.2	2340028
NC_003197.2	2340031
NC_003197.2	2340037
NC_003197.2	2340039
NC_003197.2	2340043
NC_003197.2	2340046
NC_003197.2	2340048
NC_003197.2	2340051
NC_003197.2	2340070
NC_003197.2	2340072
NC_003197.2	2340073
NC_003197.2	2340076
NC_003197.2	2340079
NC_003197.2	2340080
NC_003197.2	2340085
NC_003197.2	2340086
NC_003197.2	2340088
NC_003197.2	2340091
NC_003197.2	2340100
NC_003197.2	2340106
NC_003197.2	2340111
NC_003197.2	2340112
NC_003197.2	2340118
NC_003197.2	2340121
NC_003197.2	2340124
NC_003197.2	2340130
NC_003197.2	2340131
NC_003197.2	2340132
NC_003197.2	2340133
NC_003197.2	2340135
NC_003197.2	2340136
NC_003197.2	2340137
NC_003197.2	2340138
NC_003197.2	2340139
NC_003197.2	2340142
NC_003197.2	2340146
NC_003197.2	2340147
NC_003197.2	2340148
NC_003197.2	2340151
NC_003197.2	2340159
NC_003197.2	2340172
NC_003197.2	2340178
NC_003197.2	2340188
NC_003197.2	2340211
NC_003197.2	2340220
NC_003197.2	2340226
NC_003197.2	2340232
NC_003197.2	2340238
NC_003197.2	2340241
NC_003197.2	2340247
NC_003197.2	2340249
NC_003197.2	2340250
NC_003197.2	2340265
NC_003197.2	2340271
NC_003197.2	2340280
NC_003197.2	2340286
NC_003197.2	2340289
NC_003197.2	2340290
NC_003197.2	2340292
NC_003197.2	2340295
NC_003197.2	2340300
NC_003197.2	2340310
NC_003197.2	2340313
NC_003197.2	2340315
NC_003197.2	2340316
NC_003197.2	2340321
NC_003197.2	2340322
NC_003197.2	2340335
NC_003197.2	2340336
NC_003197.2	2340337
NC_003197.2	2340340
NC_003197.2	2340343
NC_003197.2	2340345
NC_003197.2	2340352
NC_003197.2	2340354
NC_003197.2	2340361
NC_003197.2	2340362
NC_003197.2	2340364
NC_003197.2	2340365
NC_003197.2	2340370
NC_003197.2	2340391
NC_003197.2	2340398
NC_003197.2	2340406
NC_003197.2	2340409
NC_003197.2	2340410
NC_003197.2	2340412
NC_003197.2	2340415
NC_003197.2	2340431
NC_003197.2	2340433
NC_003197.2	2340434
NC_003197.2	2340436
NC_003197.2	2340445
NC_003197.2	2340448
NC_003197.2	2340451
NC_003197.2	2340457
NC_003197.2	2340487
NC_003197.2	2340490
NC_003197.2	2340493
NC_003197.2	2340496
NC_003197.2	2340499
NC_003197.2	2340511
NC_003197.2	2340513
NC_003197.2	2340514
NC_003197.2	2340523
NC_003197.2	2340526
NC_003197.2	2340546
NC_003197.2	2340547
NC_003197.2	2340557
NC_003197.2	2340587
NC_003197.2	2340589
NC_003197.2	2340603
NC_003197.2	2340604
NC_003197.2	2340608
NC_003197.2	2340635
NC_003197.2	2340638
NC_003197.2	2340644
NC_003197.2	2340647
NC_003197.2	2340659
NC_003197.2	2340680
NC_003197.2	2340704
NC_003197.2	2340708
NC_003197.2	2340709
NC_003197.2	2340721
NC_003197.2	2340722
NC_003197.2	2340725
NC_003197.2	2340731
NC_003197.2	2340734
NC_003197.2	2340737
NC_003197.2	2340740
NC_003197.2	2340749
NC_003197.2	2340751
NC_003197.2	2340752
NC_003197.2	2340761
NC_003197.2	2340764
NC_003197.2	2340766
NC_003197.2	2340770
NC_003197.2	2340776
NC_003197.2	2340788
NC_003197.2	2340793
NC_003197.2	2340794
NC_003197.2	2343548
NC_003197.2	2343581
NC_003197.2	2343584
NC_003197.2	2343586
NC_003197.2	2343641
NC_003197.2	2343652
NC_003197.2	2343653
NC_003197.2	2343661
NC_003197.2	2343665
NC_003197.2	2343671
NC_003197.2	2343683
NC_003197.2	2343686
NC_003197.2	2343689
NC_003197.2	2343720
NC_003197.2	2343733
NC_003197.2	2343741
NC_003197.2	2343742
NC_003197.2	2343775
NC_003197.2	2343780
NC_003197.2	2343783
NC_003197.2	2343787
NC_003197.2	2343793
NC_003197.2	2343796
NC_003197.2	2343797
NC_003197.2	2343800
NC_003197.2	2343814
NC_003197.2	2343818
NC_003197.2	2343821
NC_003197.2	2343827
NC_003197.2	2343850
NC_003197.2	2343861
NC_003197.2	2343868
NC_003197.2	2343871
NC_003197.2	2343874
NC_003197.2	2343879
NC_003197.2	2343909
NC_003197.2	2343926
NC_003197.2	2344280
NC_003197.2	2347362
NC_003197.2	2347370
NC_003197.2	2347390
NC_003197.2	2347391
NC_003197.2	2347458
NC_003197.2	2347460
NC_003197.2	2347519
NC_003197.2	2347521
NC_003197.2	2347573
NC_003197.2	2347575
NC_003197.2	2347835
NC_003197.2	2348154
NC_003197.2	2348178
NC_003197.2	2348370
NC_003197.2	2348387
NC_003197.2	2348398
NC_003197.2	2356159
NC_003197.2	2356921
NC_003197.2	2369701
NC_003197.2	2370613
NC_003197.2	2376487
NC_003197.2	2377566
NC_003197.2	2394944
NC_003197.2	2423370
NC_003197.2	2429180
NC_003197.2	2429196
NC_003197.2	2431243
NC_003197.2	2441274
NC_003197.2	2441811
NC_003197.2	2467951
NC_003197.2	2478627
NC_003197.2	2488560
NC_003197.2	2488563
NC_003197.2	2500553
NC_003197.2	2503218
NC_003197.2	2505070
NC_003197.2	2511253
NC_003197.2	2513256
NC_003197.2	2515125
NC_003197.2	2534297
NC_003197.2	2535476
NC_003197.2	2552604
NC_003197.2	2552805
NC_003197.2	2557500
NC_003197.2	2557503
NC_003197.2	2559462
NC_003197.2	2559605
NC_003197.2	2559837
NC_003197.2	2565588
NC_003197.2	2566173
NC_003197.2	2578370
NC_003197.2	2578384
NC_003197.2	2579223
NC_003197.2	2584635
NC_003197.2	2586107
NC_003197.2	2590670
NC_003197.2	2594860
NC_003197.2	2599599
NC_003197.2	2611330
NC_003197.2	2617572
NC_003197.2	2618815
NC_003197.2	2622375
NC_003197.2	2622378
NC_003197.2	2622383
NC_003197.2	2622384
NC_003197.2	2622386
NC_003197.2	2622414
NC_003197.2	2622420
NC_003197.2	2622426
NC_003197.2	2622429
NC_003197.2	2622431
NC_003197.2	2622441
NC_003197.2	2622453
NC_003197.2	2622459
NC_003197.2	2622460
NC_003197.2	2622476
NC_003197.2	2622479
NC_003197.2	2622480
NC_003197.2	2622492
NC_003197.2	2622501
NC_003197.2	2622504
NC_003197.2	2622530
NC_003197.2	2622534
NC_003197.2	2622540
NC_003197.2	2622543
NC_003197.2	2622552
NC_003197.2	2622553
NC_003197.2	2622555
NC_003197.2	2622558
NC_003197.2	2622564
NC_003197.2	2622570
NC_003197.2	2622582
NC_003197.2	2622585
NC_003197.2	2622587
NC_003197.2	2622594
NC_003197.2	2622600
NC_003197.2	2622608
NC_003197.2	2622611
NC_003197.2	2622766
NC_003197.2	2624167
NC_003197.2	2627901
NC_003197.2	2632750
NC_003197.2	2639910
NC_003197.2	2653163
NC_003197.2	2659303
NC_003197.2	2661467
NC_003197.2	2672355
NC_003197.2	2673744
NC_003197.2	2695984
NC_003197.2	2696247
NC_003197.2	2698342
NC_003197.2	2719264
NC_003197.2	2723218
NC_003197.2	2726130
NC_003197.2	2735225
NC_003197.2	2735900
NC_003197.2	2744371
NC_003197.2	2745581
NC_003197.2	2746000
NC_003197.2	2746097
NC_003197.2	2747550
NC_003197.2	2756824
NC_003197.2	2756833
NC_003197.2	2756839
NC_003197.2	2756848
NC_003197.2	2756860
NC_003197.2	2756862
NC_003197.2	2756863
NC_003197.2	2756870
NC_003197.2	2756875
NC_003197.2	2756878
NC_003197.2	2756884
NC_003197.2	2756887
NC_003197.2	2756905
NC_003197.2	2756908
NC_003197.2	2756911
NC_003197.2	2756914
NC_003197.2	2756923
NC_003197.2	2756926
NC_003197.2	2756929
NC_003197.2	2756938
NC_003197.2	2756941
NC_003197.2	2756956
NC_003197.2	2756959
NC_003197.2	2756983
NC_003197.2	2756996
NC_003197.2	2756997
NC_003197.2	2757046
NC_003197.2	2757070
NC_003197.2	2757085
NC_003197.2	2757088
NC_003197.2	2757096
NC_003197.2	2757097
NC_003197.2	2757109
NC_003197.2	2757127
NC_003197.2	2757133
NC_003197.2	2757135
NC_003197.2	2757136
NC_003197.2	2757139
NC_003197.2	2757148
NC_003197.2	2757150
NC_003197.2	2757154
NC_003197.2	2757157
NC_003197.2	2757160
NC_003197.2	2757169
NC_003197.2	2757172
NC_003197.2	2757178
NC_003197.2	2757181
NC_003197.2	2757184
NC_003197.2	2757187
NC_003197.2	2757190
NC_003197.2	2757192
NC_003197.2	2757199
NC_003197.2	2757202
NC_003197.2	2757208
NC_003197.2	2757211
NC_003197.2	2757223
NC_003197.2	2757226
NC_003197.2	2757229
NC_003197.2	2757232
NC_003197.2	2757238
NC_003197.2	2757241
NC_003197.2	2757248
NC_003197.2	2757256
NC_003197.2	2757289
NC_003197.2	2757292
NC_003197.2	2757298
NC_003197.2	2757304
NC_003197.2	2757307
NC_003197.2	2757313
NC_003197.2	2757317
NC_003197.2	2757324
NC_003197.2	2757325
NC_003197.2	2757334
NC_003197.2	2757343
NC_003197.2	2757360
NC_003197.2	2757361
NC_003197.2	2757373
NC_003197.2	2757376
NC_003197.2	2757379
NC_003197.2	2757418
NC_003197.2	2757432
NC_003197.2	2757433
NC_003197.2	2757439
NC_003197.2	2757442
NC_003197.2	2757445
NC_003197.2	2757454
NC_003197.2	2757456
NC_003197.2	2757457
NC_003197.2	2757460
NC_003197.2	2757466
NC_003197.2	2757469
NC_003197.2	2757472
NC_003197.2	2757478
NC_003197.2	2757481
NC_003197.2	2757487
NC_003197.2	2757505
NC_003197.2	2757511
NC_003197.2	2757515
NC_003197.2	2757521
NC_003197.2	2757522
NC_003197.2	2757523
NC_003197.2	2757539
NC_003197.2	2757551
NC_003197.2	2757554
NC_003197.2	2757555
NC_003197.2	2757558
NC_003197.2	2757560
NC_003197.2	2757563
NC_003197.2	2757566
NC_003197.2	2757567
NC_003197.2	2757569
NC_003197.2	2757572
NC_003197.2	2757582
NC_003197.2	2757584
NC_003197.2	2757586
NC_003197.2	2757587
NC_003197.2	2757588
NC_003197.2	2757593
NC_003197.2	2757602
NC_003197.2	2757607
NC_003197.2	2757608
NC_003197.2	2757610
NC_003197.2	2757614
NC_003197.2	2757617
NC_003197.2	2757620
NC_003197.2	2757626
NC_003197.2	2757629
NC_003197.2	2757633
NC_003197.2	2757634
NC_003197.2	2757635
NC_003197.2	2757638
NC_003197.2	2757641
NC_003197.2	2757643
NC_003197.2	2757647
NC_003197.2	2757652
NC_003197.2	2757660
NC_003197.2	2757674
NC_003197.2	2757676
NC_003197.2	2757677
NC_003197.2	2757679
NC_003197.2	2757685
NC_003197.2	2757686
NC_003197.2	2757689
NC_003197.2	2757692
NC_003197.2	2757695
NC_003197.2	2757701
NC_003197.2	2757704
NC_003197.2	2757705
NC_003197.2	2757707
NC_003197.2	2757710
NC_003197.2	2757712
NC_003197.2	2757717
NC_003197.2	2757718
NC_003197.2	2757719
NC_003197.2	2757720
NC_003197.2	2757721
NC_003197.2	2757724
NC_003197.2	2757725
NC_003197.2	2757728
NC_003197.2	2757731
NC_003197.2	2757740
NC_003197.2	2757755
NC_003197.2	2757761
NC_003197.2	2757764
NC_003197.2	2757765
NC_003197.2	2757767
NC_003197.2	2757773
NC_003197.2	2757779
NC_003197.2	2757791
NC_003197.2	2757797
NC_003197.2	2757800
NC_003197.2	2757803
NC_003197.2	2757804
NC_003197.2	2757805
NC_003197.2	2757812
NC_003197.2	2757818
NC_003197.2	2757821
NC_003197.2	2757824
NC_003197.2	2757827
NC_003197.2	2757842
NC_003197.2	2757845
NC_003197.2	2757854
NC_003197.2	2757866
NC_003197.2	2757869
NC_003197.2	2757878
NC_003197.2	2757884
NC_003197.2	2757893
NC_003197.2	2757894
NC_003197.2	2757895
NC_003197.2	2757900
NC_003197.2	2757902
NC_003197.2	2757905
NC_003197.2	2757908
NC_003197.2	2757910
NC_003197.2	2757911
NC_003197.2	2757914
NC_003197.2	2757917
NC_003197.2	2757920
NC_003197.2	2757926
NC_003197.2	2757927
NC_003197.2	2757928
NC_003197.2	2757932
NC_003197.2	2757935
NC_003197.2	2757938
NC_003197.2	2757947
NC_003197.2	2757948
NC_003197.2	2757950
NC_003197.2	2757958
NC_003197.2	2757959
NC_003197.2	2757965
NC_003197.2	2757975
NC_003197.2	2757976
NC_003197.2	2757978
NC_003197.2	2757979
NC_003197.2	2757980
NC_003197.2	2757982
NC_003197.2	2757986
NC_003197.2	2757988
NC_003197.2	2757990
NC_003197.2	2757991
NC_003197.2	2757992
NC_003197.2	2757996
NC_003197.2	2757997
NC_003197.2	2757999
NC_003197.2	2758000
NC_003197.2	2758006
NC_003197.2	2758007
NC_003197.2	2758010
NC_003197.2	2758015
NC_003197.2	2758016
NC_003197.2	2758017
NC_003197.2	2758019
NC_003197.2	2758025
NC_003197.2	2758028
NC_003197.2	2758031
NC_003197.2	2758037
NC_003197.2	2758038
NC_003197.2	2758043
NC_003197.2	2758045
NC_003197.2	2758046
NC_003197.2	2758047
NC_003197.2	2758050
NC_003197.2	2758051
NC_003197.2	2758055
NC_003197.2	2758059
NC_003197.2	2758068
NC_003197.2	2758075
NC_003197.2	2758081
NC_003197.2	2758082
NC_003197.2	2758093
NC_003197.2	2758094
NC_003197.2	2758095
NC_003197.2	2758103
NC_003197.2	2758108
NC_003197.2	2758131
NC_003197.2	2758132
NC_003197.2	2758133
NC_003197.2	2758134
NC_003197.2	2758141
NC_003197.2	2758142
NC_003197.2	2758144
NC_003197.2	2758145
NC_003197.2	2758147
NC_003197.2	2758153
NC_003197.2	2758160
NC_003197.2	2758163
NC_003197.2	2758168
NC_003197.2	2758169
NC_003197.2	2758171
NC_003197.2	2758205
NC_003197.2	2758206
NC_003197.2	2758216
NC_003197.2	2758228
NC_003197.2	2758230
NC_003197.2	2758232
NC_003197.2	2758235
NC_003197.2	2758238
NC_003197.2	2758252
NC_003197.2	2758253
NC_003197.2	2758255
NC_003197.2	2758262
NC_003197.2	2758280
NC_003197.2	2758284
NC_003197.2	2758295
NC_003197.2	2758314
NC_003197.2	2758319
NC_003197.2	2758460
NC_003197.2	2758461
NC_003197.2	2758465
NC_003197.2	2758468
NC_003197.2	2758471
NC_003197.2	2758472
NC_003197.2	2758473
NC_003197.2	2758480
NC_003197.2	2758481
NC_003197.2	2758486
NC_003197.2	2758491
NC_003197.2	2758495
NC_003197.2	2758497
NC_003197.2	2758526
NC_003197.2	2758529
NC_003197.2	2758559
NC_003197.2	2758615
NC_003197.2	2758621
NC_003197.2	2758630
NC_003197.2	2758638
NC_003197.2	2758838
NC_003197.2	2758840
NC_003197.2	2758843
NC_003197.2	2758847
NC_003197.2	2758850
NC_003197.2	2758852
NC_003197.2	2758860
NC_003197.2	2758861
NC_003197.2	2758863
NC_003197.2	2758888
NC_003197.2	2758936
NC_003197.2	2758937
NC_003197.2	2758949
NC_003197.2	2758958
NC_003197.2	2758959
NC_003197.2	2758960
NC_003197.2	2758965
NC_003197.2	2758966
NC_003197.2	2758975
NC_003197.2	2758978
NC_003197.2	2758980
NC_003197.2	2759011
NC_003197.2	2759037
NC_003197.2	2759057
NC_003197.2	2759112
NC_003197.2	2759117
NC_003197.2	2759118
NC_003197.2	2759136
NC_003197.2	2759140
NC_003197.2	2759143
NC_003197.2	2759152
NC_003197.2	2759272
NC_003197.2	2759487
NC_003197.2	2759492
NC_003197.2	2759532
NC_003197.2	2759573
NC_003197.2	2759821
NC_003197.2	2760068
NC_003197.2	2760477
NC_003197.2	2760479
NC_003197.2	2760517
NC_003197.2	2760531
NC_003197.2	2760587
NC_003197.2	2760689
NC_003197.2	2760737
NC_003197.2	2760884
NC_003197.2	2760962
NC_003197.2	2760988
NC_003197.2	2761022
NC_003197.2	2762173
NC_003197.2	2762718
NC_003197.2	2763119
NC_003197.2	2763134
NC_003197.2	2763136
NC_003197.2	2763138
NC_003197.2	2763139
NC_003197.2	2763141
NC_003197.2	2763142
NC_003197.2	2763143
NC_003197.2	2763146
NC_003197.2	2763153
NC_003197.2	2763154
NC_003197.2	2763158
NC_003197.2	2763161
NC_003197.2	2763164
NC_003197.2	2763174
NC_003197.2	2763176
NC_003197.2	2763179
NC_003197.2	2763180
NC_003197.2	2763182
NC_003197.2	2763185
NC_003197.2	2763191
NC_003197.2	2763198
NC_003197.2	2763200
NC_003197.2	2763202
NC_003197.2	2763210
NC_003197.2	2763434
NC_003197.2	2763664
NC_003197.2	2763936
NC_003197.2	2763951
NC_003197.2	2763964
NC_003197.2	2764047
NC_003197.2	2764164
NC_003197.2	2764192
NC_003197.2	2764395
NC_003197.2	2764437
NC_003197.2	2764475
NC_003197.2	2764496
NC_003197.2	2764502
NC_003197.2	2764543
NC_003197.2	2764544
NC_003197.2	2764768
NC_003197.2	2764777
NC_003197.2	2764786
NC_003197.2	2764795
NC_003197.2	2764860
NC_003197.2	2764861
NC_003197.2	2764915
NC_003197.2	2764942
NC_003197.2	2765047
NC_003197.2	2765056
NC_003197.2	2765065
NC_003197.2	2765068
NC_003197.2	2765083
NC_003197.2	2765140
NC_003197.2	2765156
NC_003197.2	2765157
NC_003197.2	2765158
NC_003197.2	2765159
NC_003197.2	2765168
NC_003197.2	2765170
NC_003197.2	2765186
NC_003197.2	2765187
NC_003197.2	2765189
NC_003197.2	2765191
NC_003197.2	2765201
NC_003197.2	2765203
NC_003197.2	2765206
NC_003197.2	2765208
NC_003197.2	2765211
NC_003197.2	2765214
NC_003197.2	2765215
NC_003197.2	2765224
NC_003197.2	2765225
NC_003197.2	2765229
NC_003197.2	2765231
NC_003197.2	2765232
NC_003197.2	2765235
NC_003197.2	2765237
NC_003197.2	2765239
NC_003197.2	2765240
NC_003197.2	2765242
NC_003197.2	2765243
NC_003197.2	2765248
NC_003197.2	2765251
NC_003197.2	2765255
NC_003197.2	2765261
NC_003197.2	2765264
NC_003197.2	2765265
NC_003197.2	2765267
NC_003197.2	2765270
NC_003197.2	2765276
NC_003197.2	2765278
NC_003197.2	2765280
NC_003197.2	2765281
NC_003197.2	2765284
NC_003197.2	2765288
NC_003197.2	2765290
NC_003197.2	2765291
NC_003197.2	2765293
NC_003197.2	2765295
NC_003197.2	2765297
NC_003197.2	2765299
NC_003197.2	2765301
NC_003197.2	2765302
NC_003197.2	2765303
NC_003197.2	2765304
NC_003197.2	2765305
NC_003197.2	2765311
NC_003197.2	2765312
NC_003197.2	2765315
NC_003197.2	2765317
NC_003197.2	2765319
NC_003197.2	2765320
NC_003197.2	2765321
NC_003197.2	2765322
NC_003197.2	2765323
NC_003197.2	2765325
NC_003197.2	2765328
NC_003197.2	2765336
NC_003197.2	2765339
NC_003197.2	2765342
NC_003197.2	2765343
NC_003197.2	2765347
NC_003197.2	2765349
NC_003197.2	2765350
NC_003197.2	2765351
NC_003197.2	2765353
NC_003197.2	2765354
NC_003197.2	2765357
NC_003197.2	2765360
NC_003197.2	2765365
NC_003197.2	2765368
NC_003197.2	2765369
NC_003197.2	2765372
NC_003197.2	2765374
NC_003197.2	2765375
NC_003197.2	2765379
NC_003197.2	2765381
NC_003197.2	2765382
NC_003197.2	2765385
NC_003197.2	2765386
NC_003197.2	2765390
NC_003197.2	2765393
NC_003197.2	2765396
NC_003197.2	2765402
NC_003197.2	2765411
NC_003197.2	2765414
NC_003197.2	2765415
NC_003197.2	2765422
NC_003197.2	2765424
NC_003197.2	2765425
NC_003197.2	2765426
NC_003197.2	2765427
NC_003197.2	2765430
NC_003197.2	2765431
NC_003197.2	2765432
NC_003197.2	2765435
NC_003197.2	2765436
NC_003197.2	2765437
NC_003197.2	2765440
NC_003197.2	2765441
NC_003197.2	2765445
NC_003197.2	2765457
NC_003197.2	2765460
NC_003197.2	2765463
NC_003197.2	2765469
NC_003197.2	2765470
NC_003197.2	2765478
NC_003197.2	2765500
NC_003197.2	2765508
NC_003197.2	2765514
NC_003197.2	2765515
NC_003197.2	2765521
NC_003197.2	2765523
NC_003197.2	2765524
NC_003197.2	2765527
NC_003197.2	2765533
NC_003197.2	2765537
NC_003197.2	2765538
NC_003197.2	2765539
NC_003197.2	2765540
NC_003197.2	2765546
NC_003197.2	2765547
NC_003197.2	2765548
NC_003197.2	2765551
NC_003197.2	2765553
NC_003197.2	2765554
NC_003197.2	2765564
NC_003197.2	2765576
NC_003197.2	2765707
NC_003197.2	2765758
NC_003197.2	2765801
NC_003197.2	2765805
NC_003197.2	2765849
NC_003197.2	2765872
NC_003197.2	2765878
NC_003197.2	2765879
NC_003197.2	2765895
NC_003197.2	2765905
NC_003197.2	2765927
NC_003197.2	2765940
NC_003197.2	2765943
NC_003197.2	2765948
NC_003197.2	2765958
NC_003197.2	2765961
NC_003197.2	2765968
NC_003197.2	2765970
NC_003197.2	2765974
NC_003197.2	2765975
NC_003197.2	2765976
NC_003197.2	2765977
NC_003197.2	2765978
NC_003197.2	2765979
NC_003197.2	2765982
NC_003197.2	2765986
NC_003197.2	2765987
NC_003197.2	2765988
NC_003197.2	2765991
NC_003197.2	2765993
NC_003197.2	2765995
NC_003197.2	2765996
NC_003197.2	2765997
NC_003197.2	2765999
NC_003197.2	2766000
NC_003197.2	2766001
NC_003197.2	2766005
NC_003197.2	2766007
NC_003197.2	2766009
NC_003197.2	2766012
NC_003197.2	2766013
NC_003197.2	2766017
NC_003197.2	2766018
NC_003197.2	2766021
NC_003197.2	2766022
NC_003197.2	2766023
NC_003197.2	2766024
NC_003197.2	2766026
NC_003197.2	2766027
NC_003197.2	2766029
NC_003197.2	2766031
NC_003197.2	2766033
NC_003197.2	2766037
NC_003197.2	2766039
NC_003197.2	2766040
NC_003197.2	2766043
NC_003197.2	2766044
NC_003197.2	2766046
NC_003197.2	2766049
NC_003197.2	2766050
NC_003197.2	2766051
NC_003197.2	2766055
NC_003197.2	2766060
NC_003197.2	2766067
NC_003197.2	2766068
NC_003197.2	2766069
NC_003197.2	2766073
NC_003197.2	2766074
NC_003197.2	2766075
NC_003197.2	2766080
NC_003197.2	2766083
NC_003197.2	2766084
NC_003197.2	2766088
NC_003197.2	2766090
NC_003197.2	2766092
NC_003197.2	2766093
NC_003197.2	2766096
NC_003197.2	2766099
NC_003197.2	2766100
NC_003197.2	2766102
NC_003197.2	2766103
NC_003197.2	2766104
NC_003197.2	2766105
NC_003197.2	2766108
NC_003197.2	2766111
NC_003197.2	2766112
NC_003197.2	2766118
NC_003197.2	2766121
NC_003197.2	2766124
NC_003197.2	2766127
NC_003197.2	2766128
NC_003197.2	2766133
NC_003197.2	2766134
NC_003197.2	2766138
NC_003197.2	2766139
NC_003197.2	2766142
NC_003197.2	2766146
NC_003197.2	2766148
NC_003197.2	2766150
NC_003197.2	2766152
NC_003197.2	2766165
NC_003197.2	2766167
NC_003197.2	2766169
NC_003197.2	2766171
NC_003197.2	2766174
NC_003197.2	2766177
NC_003197.2	2766178
NC_003197.2	2766181
NC_003197.2	2766183
NC_003197.2	2766184
NC_003197.2	2766188
NC_003197.2	2766191
NC_003197.2	2766192
NC_003197.2	2766194
NC_003197.2	2766196
NC_003197.2	2766198
NC_003197.2	2766199
NC_003197.2	2766202
NC_003197.2	2766204
NC_003197.2	2766212
NC_003197.2	2766213
NC_003197.2	2766214
NC_003197.2	2766216
NC_003197.2	2766218
NC_003197.2	2766219
NC_003197.2	2766225
NC_003197.2	2766227
NC_003197.2	2766231
NC_003197.2	2766232
NC_003197.2	2766235
NC_003197.2	2766238
NC_003197.2	2766241
NC_003197.2	2766242
NC_003197.2	2766243
NC_003197.2	2766248
NC_003197.2	2766256
NC_003197.2	2766266
NC_003197.2	2766271
NC_003197.2	2766273
NC_003197.2	2766275
NC_003197.2	2766279
NC_003197.2	2766283
NC_003197.2	2766292
NC_003197.2	2766301
NC_003197.2	2766303
NC_003197.2	2766304
NC_003197.2	2766305
NC_003197.2	2766307
NC_003197.2	2766311
NC_003197.2	2766312
NC_003197.2	2766313
NC_003197.2	2766314
NC_003197.2	2766322
NC_003197.2	2766324
NC_003197.2	2766325
NC_003197.2	2766331
NC_003197.2	2766332
NC_003197.2	2766335
NC_003197.2	2766337
NC_003197.2	2766339
NC_003197.2	2766340
NC_003197.2	2766342
NC_003197.2	2766343
NC_003197.2	2766345
NC_003197.2	2766346
NC_003197.2	2766347
NC_003197.2	2766348
NC_003197.2	2766349
NC_003197.2	2766351
NC_003197.2	2766357
NC_003197.2	2766358
NC_003197.2	2766359
NC_003197.2	2766360
NC_003197.2	2766361
NC_003197.2	2766362
NC_003197.2	2766364
NC_003197.2	2766365
NC_003197.2	2766367
NC_003197.2	2766370
NC_003197.2	2766371
NC_003197.2	2766372
NC_003197.2	2766373
NC_003197.2	2766374
NC_003197.2	2766376
NC_003197.2	2766378
NC_003197.2	2766383
NC_003197.2	2766384
NC_003197.2	2766385
NC_003197.2	2766386
NC_003197.2	2766387
NC_003197.2	2766388
NC_003197.2	2766389
NC_003197.2	2766390
NC_003197.2	2766391
NC_003197.2	2766392
NC_003197.2	2766393
NC_003197.2	2766394
NC_003197.2	2766395
NC_003197.2	2766396
NC_003197.2	2766400
NC_003197.2	2766401
NC_003197.2	2766403
NC_003197.2	2766405
NC_003197.2	2766406
NC_003197.2	2766407
NC_003197.2	2766408
NC_003197.2	2766409
NC_003197.2	2766410
NC_003197.2	2766412
NC_003197.2	2766413
NC_003197.2	2766416
NC_003197.2	2766419
NC_003197.2	2766420
NC_003197.2	2766421
NC_003197.2	2766422
NC_003197.2	2766424
NC_003197.2	2766427
NC_003197.2	2766430
NC_003197.2	2766432
NC_003197.2	2766435
NC_003197.2	2766436
NC_003197.2	2766437
NC_003197.2	2766438
NC_003197.2	2766439
NC_003197.2	2766440
NC_003197.2	2766442
NC_003197.2	2766443
NC_003197.2	2766444
NC_003197.2	2766445
NC_003197.2	2766446
NC_003197.2	2766447
NC_003197.2	2766448
NC_003197.2	2766452
NC_003197.2	2766453
NC_003197.2	2766455
NC_003197.2	2766456
NC_003197.2	2766464
NC_003197.2	2766469
NC_003197.2	2766471
NC_003197.2	2766475
NC_003197.2	2766478
NC_003197.2	2766479
NC_003197.2	2766480
NC_003197.2	2766482
NC_003197.2	2766484
NC_003197.2	2766487
NC_003197.2	2766488
NC_003197.2	2766490
NC_003197.2	2766494
NC_003197.2	2766496
NC_003197.2	2766497
NC_003197.2	2766498
NC_003197.2	2766503
NC_003197.2	2766504
NC_003197.2	2766505
NC_003197.2	2766508
NC_003197.2	2766510
NC_003197.2	2766511
NC_003197.2	2766512
NC_003197.2	2766517
NC_003197.2	2766518
NC_003197.2	2766519
NC_003197.2	2766521
NC_003197.2	2766522
NC_003197.2	2766523
NC_003197.2	2766529
NC_003197.2	2766530
NC_003197.2	2766531
NC_003197.2	2766532
NC_003197.2	2766533
NC_003197.2	2766534
NC_003197.2	2766535
NC_003197.2	2766537
NC_003197.2	2766538
NC_003197.2	2766540
NC_003197.2	2766541
NC_003197.2	2766545
NC_003197.2	2766547
NC_003197.2	2766550
NC_003197.2	2766564
NC_003197.2	2766571
NC_003197.2	2766577
NC_003197.2	2766580
NC_003197.2	2766586
NC_003197.2	2766622
NC_003197.2	2766957
NC_003197.2	2766958
NC_003197.2	2766993
NC_003197.2	2766996
NC_003197.2	2767028
NC_003197.2	2767069
NC_003197.2	2767080
NC_003197.2	2767150
NC_003197.2	2767154
NC_003197.2	2767327
NC_003197.2	2767372
NC_003197.2	2767450
NC_003197.2	2768103
NC_003197.2	2768260
NC_003197.2	2768352
NC_003197.2	2768403
NC_003197.2	2768404
NC_003197.2	2768586
NC_003197.2	2768801
NC_003197.2	2768917
NC_003197.2	2768925
NC_003197.2	2768979
NC_003197.2	2769000
NC_003197.2	2769033
NC_003197.2	2769186
NC_003197.2	2769189
NC_003197.2	2769274
NC_003197.2	2769288
NC_003197.2	2769293
NC_003197.2	2769294
NC_003197.2	2769295
NC_003197.2	2769298
NC_003197.2	2769301
NC_003197.2	2769304
NC_003197.2	2769307
NC_003197.2	2769310
NC_003197.2	2769322
NC_003197.2	2769324
NC_003197.2	2769326
NC_003197.2	2769328
NC_003197.2	2769331
NC_003197.2	2769334
NC_003197.2	2769335
NC_003197.2	2769337
NC_003197.2	2769339
NC_003197.2	2769343
NC_003197.2	2769346
NC_003197.2	2769358
NC_003197.2	2769360
NC_003197.2	2769363
NC_003197.2	2769364
NC_003197.2	2769365
NC_003197.2	2769366
NC_003197.2	2769367
NC_003197.2	2769373
NC_003197.2	2769375
NC_003197.2	2769377
NC_003197.2	2769378
NC_003197.2	2769379
NC_003197.2	2769381
NC_003197.2	2769382
NC_003197.2	2769384
NC_003197.2	2769385
NC_003197.2	2769388
NC_003197.2	2769389
NC_003197.2	2769391
NC_003197.2	2769393
NC_003197.2	2769394
NC_003197.2	2769399
NC_003197.2	2769401
NC_003197.2	2769404
NC_003197.2	2769405
NC_003197.2	2769406
NC_003197.2	2769407
NC_003197.2	2769409
NC_003197.2	2769410
NC_003197.2	2769412
NC_003197.2	2769414
NC_003197.2	2769418
NC_003197.2	2769419
NC_003197.2	2769420
NC_003197.2	2769423
NC_003197.2	2769427
NC_003197.2	2769429
NC_003197.2	2769430
NC_003197.2	2769433
NC_003197.2	2769440
NC_003197.2	2769441
NC_003197.2	2769442
NC_003197.2	2769447
NC_003197.2	2769448
NC_003197.2	2769449
NC_003197.2	2769453
NC_003197.2	2769455
NC_003197.2	2769457
NC_003197.2	2769460
NC_003197.2	2769462
NC_003197.2	2769464
NC_003197.2	2769465
NC_003197.2	2769466
NC_003197.2	2769468
NC_003197.2	2769469
NC_003197.2	2769470
NC_003197.2	2769471
NC_003197.2	2769475
NC_003197.2	2769479
NC_003197.2	2769480
NC_003197.2	2769482
NC_003197.2	2769483
NC_003197.2	2769488
NC_003197.2	2769489
NC_003197.2	2769496
NC_003197.2	2769497
NC_003197.2	2769500
NC_003197.2	2769501
NC_003197.2	2769504
NC_003197.2	2769507
NC_003197.2	2769513
NC_003197.2	2769515
NC_003197.2	2769518
NC_003197.2	2769521
NC_003197.2	2769522
NC_003197.2	2769525
NC_003197.2	2769527
NC_003197.2	2769529
NC_003197.2	2769531
NC_003197.2	2769535
NC_003197.2	2769541
NC_003197.2	2769542
NC_003197.2	2769544
NC_003197.2	2769549
NC_003197.2	2769550
NC_003197.2	2769551
NC_003197.2	2769552
NC_003197.2	2769554
NC_003197.2	2769565
NC_003197.2	2769567
NC_003197.2	2769570
NC_003197.2	2769577
NC_003197.2	2769579
NC_003197.2	2769580
NC_003197.2	2769581
NC_003197.2	2769588
NC_003197.2	2769589
NC_003197.2	2769592
NC_003197.2	2769598
NC_003197.2	2769599
NC_003197.2	2769602
NC_003197.2	2769603
NC_003197.2	2769604
NC_003197.2	2769607
NC_003197.2	2769611
NC_003197.2	2769613
NC_003197.2	2769614
NC_003197.2	2769622
NC_003197.2	2769628
NC_003197.2	2769629
NC_003197.2	2769635
NC_003197.2	2769637
NC_003197.2	2769639
NC_003197.2	2769641
NC_003197.2	2769643
NC_003197.2	2769644
NC_003197.2	2769645
NC_003197.2	2769648
NC_003197.2	2769649
NC_003197.2	2769650
NC_003197.2	2769652
NC_003197.2	2769656
NC_003197.2	2769658
NC_003197.2	2769659
NC_003197.2	2769661
NC_003197.2	2769662
NC_003197.2	2769666
NC_003197.2	2769668
NC_003197.2	2769671
NC_003197.2	2769672
NC_003197.2	2769673
NC_003197.2	2769674
NC_003197.2	2769675
NC_003197.2	2769677
NC_003197.2	2769679
NC_003197.2	2769680
NC_003197.2	2769681
NC_003197.2	2769684
NC_003197.2	2769692
NC_003197.2	2769703
NC_003197.2	2769705
NC_003197.2	2769707
NC_003197.2	2769708
NC_003197.2	2769710
NC_003197.2	2769711
NC_003197.2	2769712
NC_003197.2	2769713
NC_003197.2	2769714
NC_003197.2	2769717
NC_003197.2	2769718
NC_003197.2	2769719
NC_003197.2	2769722
NC_003197.2	2769726
NC_003197.2	2769728
NC_003197.2	2769729
NC_003197.2	2769733
NC_003197.2	2769738
NC_003197.2	2769740
NC_003197.2	2769743
NC_003197.2	2769746
NC_003197.2	2769747
NC_003197.2	2769748
NC_003197.2	2769754
NC_003197.2	2769755
NC_003197.2	2769756
NC_003197.2	2769757
NC_003197.2	2769758
NC_003197.2	2769764
NC_003197.2	2769765
NC_003197.2	2769768
NC_003197.2	2769770
NC_003197.2	2769771
NC_003197.2	2769774
NC_003197.2	2769776
NC_003197.2	2769777
NC_003197.2	2769778
NC_003197.2	2769779
NC_003197.2	2769782
NC_003197.2	2769783
NC_003197.2	2769784
NC_003197.2	2769785
NC_003197.2	2769786
NC_003197.2	2769791
NC_003197.2	2769794
NC_003197.2	2769795
NC_003197.2	2769797
NC_003197.2	2769798
NC_003197.2	2769800
NC_003197.2	2769801
NC_003197.2	2769802
NC_003197.2	2769803
NC_003197.2	2769805
NC_003197.2	2769806
NC_003197.2	2769809
NC_003197.2	2769812
NC_003197.2	2769814
NC_003197.2	2769815
NC_003197.2	2769822
NC_003197.2	2769830
NC_003197.2	2769843
NC_003197.2	2769844
NC_003197.2	2769845
NC_003197.2	2769850
NC_003197.2	2769851
NC_003197.2	2769853
NC_003197.2	2769858
NC_003197.2	2769859
NC_003197.2	2769862
NC_003197.2	2769864
NC_003197.2	2769865
NC_003197.2	2769866
NC_003197.2	2769867
NC_003197.2	2769876
NC_003197.2	2769878
NC_003197.2	2769879
NC_003197.2	2769881
NC_003197.2	2769882
NC_003197.2	2769884
NC_003197.2	2769885
NC_003197.2	2769887
NC_003197.2	2769889
NC_003197.2	2769890
NC_003197.2	2769894
NC_003197.2	2769895
NC_003197.2	2769896
NC_003197.2	2769899
NC_003197.2	2769902
NC_003197.2	2769907
NC_003197.2	2769908
NC_003197.2	2769909
NC_003197.2	2769914
NC_003197.2	2769915
NC_003197.2	2769923
NC_003197.2	2769924
NC_003197.2	2769926
NC_003197.2	2769929
NC_003197.2	2769930
NC_003197.2	2769932
NC_003197.2	2769935
NC_003197.2	2769948
NC_003197.2	2769949
NC_003197.2	2769950
NC_003197.2	2769953
NC_003197.2	2769954
NC_003197.2	2769956
NC_003197.2	2769959
NC_003197.2	2769960
NC_003197.2	2769961
NC_003197.2	2769962
NC_003197.2	2769966
NC_003197.2	2769968
NC_003197.2	2769971
NC_003197.2	2769975
NC_003197.2	2769977
NC_003197.2	2769979
NC_003197.2	2769980
NC_003197.2	2769987
NC_003197.2	2769989
NC_003197.2	2769992
NC_003197.2	2769995
NC_003197.2	2769998
NC_003197.2	2770002
NC_003197.2	2770009
NC_003197.2	2770016
NC_003197.2	2770019
NC_003197.2	2770021
NC_003197.2	2770022
NC_003197.2	2770024
NC_003197.2	2770025
NC_003197.2	2770030
NC_003197.2	2770039
NC_003197.2	2770040
NC_003197.2	2770042
NC_003197.2	2770043
NC_003197.2	2770044
NC_003197.2	2770045
NC_003197.2	2770046
NC_003197.2	2770048
NC_003197.2	2770051
NC_003197.2	2770055
NC_003197.2	2770057
NC_003197.2	2770058
NC_003197.2	2770061
NC_003197.2	2770063
NC_003197.2	2770064
NC_003197.2	2770072
NC_003197.2	2770073
NC_003197.2	2770074
NC_003197.2	2770080
NC_003197.2	2770082
NC_003197.2	2770084
NC_003197.2	2770088
NC_003197.2	2770094
NC_003197.2	2770097
NC_003197.2	2770099
NC_003197.2	2770101
NC_003197.2	2770103
NC_003197.2	2770107
NC_003197.2	2770110
NC_003197.2	2770111
NC_003197.2	2770112
NC_003197.2	2770114
NC_003197.2	2770115
NC_003197.2	2770116
NC_003197.2	2770119
NC_003197.2	2770121
NC_003197.2	2770123
NC_003197.2	2770124
NC_003197.2	2770129
NC_003197.2	2770130
NC_003197.2	2770131
NC_003197.2	2770133
NC_003197.2	2770135
NC_003197.2	2770136
NC_003197.2	2770137
NC_003197.2	2770138
NC_003197.2	2770139
NC_003197.2	2770140
NC_003197.2	2770145
NC_003197.2	2770148
NC_003197.2	2770149
NC_003197.2	2770151
NC_003197.2	2770152
NC_003197.2	2770153
NC_003197.2	2770155
NC_003197.2	2770157
NC_003197.2	2770158
NC_003197.2	2770160
NC_003197.2	2770161
NC_003197.2	2770164
NC_003197.2	2770171
NC_003197.2	2770173
NC_003197.2	2770174
NC_003197.2	2770176
NC_003197.2	2770181
NC_003197.2	2770191
NC_003197.2	2770192
NC_003197.2	2770404
NC_003197.2	2770416
NC_003197.2	2770472
NC_003197.2	2770529
NC_003197.2	2770583
NC_003197.2	2770603
NC_003197.2	2770699
NC_003197.2	2770760
NC_003197.2	2770835
NC_003197.2	2771276
NC_003197.2	2771332
NC_003197.2	2771373
NC_003197.2	2771405
NC_003197.2	2771409
NC_003197.2	2771415
NC_003197.2	2771455
NC_003197.2	2771480
NC_003197.2	2771539
NC_003197.2	2771582
NC_003197.2	2771584
NC_003197.2	2771587
NC_003197.2	2771593
NC_003197.2	2771596
NC_003197.2	2771602
NC_003197.2	2771605
NC_003197.2	2771606
NC_003197.2	2771614
NC_003197.2	2771620
NC_003197.2	2771623
NC_003197.2	2771626
NC_003197.2	2771629
NC_003197.2	2771632
NC_003197.2	2771642
NC_003197.2	2771643
NC_003197.2	2771660
NC_003197.2	2771662
NC_003197.2	2771663
NC_003197.2	2771668
NC_003197.2	2771684
NC_003197.2	2771685
NC_003197.2	2771686
NC_003197.2	2771696
NC_003197.2	2771698
NC_003197.2	2771702
NC_003197.2	2771713
NC_003197.2	2771714
NC_003197.2	2771719
NC_003197.2	2771720
NC_003197.2	2771721
NC_003197.2	2771732
NC_003197.2	2771734
NC_003197.2	2771737
NC_003197.2	2771740
NC_003197.2	2771743
NC_003197.2	2771744
NC_003197.2	2771746
NC_003197.2	2771752
NC_003197.2	2771753
NC_003197.2	2771758
NC_003197.2	2771767
NC_003197.2	2771776
NC_003197.2	2771778
NC_003197.2	2771787
NC_003197.2	2771789
NC_003197.2	2771791
NC_003197.2	2771793
NC_003197.2	2771796
NC_003197.2	2771797
NC_003197.2	2771798
NC_003197.2	2771806
NC_003197.2	2771807
NC_003197.2	2771814
NC_003197.2	2771824
NC_003197.2	2771825
NC_003197.2	2771828
NC_003197.2	2771831
NC_003197.2	2771836
NC_003197.2	2771842
NC_003197.2	2771843
NC_003197.2	2771846
NC_003197.2	2771863
NC_003197.2	2771865
NC_003197.2	2771866
NC_003197.2	2771867
NC_003197.2	2771870
NC_003197.2	2771872
NC_003197.2	2771874
NC_003197.2	2771886
NC_003197.2	2771889
NC_003197.2	2771899
NC_003197.2	2771900
NC_003197.2	2771903
NC_003197.2	2771905
NC_003197.2	2771911
NC_003197.2	2771917
NC_003197.2	2771923
NC_003197.2	2771925
NC_003197.2	2771926
NC_003197.2	2771930
NC_003197.2	2771934
NC_003197.2	2771941
NC_003197.2	2771948
NC_003197.2	2771951
NC_003197.2	2771956
NC_003197.2	2771960
NC_003197.2	2771961
NC_003197.2	2771965
NC_003197.2	2771976
NC_003197.2	2771977
NC_003197.2	2771979
NC_003197.2	2771980
NC_003197.2	2771983
NC_003197.2	2771986
NC_003197.2	2771989
NC_003197.2	2771994
NC_003197.2	2771995
NC_003197.2	2771998
NC_003197.2	2772003
NC_003197.2	2772014
NC_003197.2	2772021
NC_003197.2	2772039
NC_003197.2	2772049
NC_003197.2	2772053
NC_003197.2	2772055
NC_003197.2	2772070
NC_003197.2	2772076
NC_003197.2	2772077
NC_003197.2	2772087
NC_003197.2	2772088
NC_003197.2	2772089
NC_003197.2	2772091
NC_003197.2	2772095
NC_003197.2	2772104
NC_003197.2	2772108
NC_003197.2	2772118
NC_003197.2	2772132
NC_003197.2	2772139
NC_003197.2	2772153
NC_003197.2	2772156
NC_003197.2	2772164
NC_003197.2	2772182
NC_003197.2	2772193
NC_003197.2	2772200
NC_003197.2	2772207
NC_003197.2	2772226
NC_003197.2	2772229
NC_003197.2	2772232
NC_003197.2	2772238
NC_003197.2	2772250
NC_003197.2	2772253
NC_003197.2	2772256
NC_003197.2	2772292
NC_003197.2	2772414
NC_003197.2	2772437
NC_003197.2	2772489
NC_003197.2	2772539
NC_003197.2	2772640
NC_003197.2	2772658
NC_003197.2	2772730
NC_003197.2	2772814
NC_003197.2	2772862
NC_003197.2	2773104
NC_003197.2	2773275
NC_003197.2	2773471
NC_003197.2	2773543
NC_003197.2	2774072
NC_003197.2	2774120
NC_003197.2	2774327
NC_003197.2	2774970
NC_003197.2	2776727
NC_003197.2	2797928
NC_003197.2	2798069
NC_003197.2	2798070
NC_003197.2	2798141
NC_003197.2	2798436
NC_003197.2	2798437
NC_003197.2	2798444
NC_003197.2	2798445
NC_003197.2	2798446
NC_003197.2	2798447
NC_003197.2	2798455
NC_003197.2	2810836
NC_003197.2	2830111
NC_003197.2	2843940
NC_003197.2	2852028
NC_003197.2	2852029
NC_003197.2	2852030
NC_003197.2	2852034
NC_003197.2	2852036
NC_003197.2	2852037
NC_003197.2	2852075
NC_003197.2	2852124
NC_003197.2	2852508
NC_003197.2	2852511
NC_003197.2	2852577
NC_003197.2	2852583
NC_003197.2	2852592
NC_003197.2	2852630
NC_003197.2	2852687
NC_003197.2	2852691
NC_003197.2	2852703
NC_003197.2	2852718
NC_003197.2	2852721
NC_003197.2	2852733
NC_003197.2	2852824
NC_003197.2	2852855
NC_003197.2	2852868
NC_003197.2	2852871
NC_003197.2	2852872
NC_003197.2	2852874
NC_003197.2	2852883
NC_003197.2	2852895
NC_003197.2	2852925
NC_003197.2	2852928
NC_003197.2	2852933
NC_003197.2	2852934
NC_003197.2	2852938
NC_003197.2	2852944
NC_003197.2	2852946
NC_003197.2	2852950
NC_003197.2	2852951
NC_003197.2	2852952
NC_003197.2	2852953
NC_003197.2	2852959
NC_003197.2	2852960
NC_003197.2	2852964
NC_003197.2	2852985
NC_003197.2	2852996
NC_003197.2	2853066
NC_003197.2	2853071
NC_003197.2	2853105
NC_003197.2	2853113
NC_003197.2	2853168
NC_003197.2	2853180
NC_003197.2	2853240
NC_003197.2	2853246
NC_003197.2	2853248
NC_003197.2	2853249
NC_003197.2	2853276
NC_003197.2	2853279
NC_003197.2	2853282
NC_003197.2	2853289
NC_003197.2	2853297
NC_003197.2	2853300
NC_003197.2	2853309
NC_003197.2	2853312
NC_003197.2	2853315
NC_003197.2	2853318
NC_003197.2	2853327
NC_003197.2	2853330
NC_003197.2	2853336
NC_003197.2	2853345
NC_003197.2	2853375
NC_003197.2	2853398
NC_003197.2	2853425
NC_003197.2	2853440
NC_003197.2	2853442
NC_003197.2	2853453
NC_003197.2	2853456
NC_003197.2	2853461
NC_003197.2	2853462
NC_003197.2	2853463
NC_003197.2	2853467
NC_003197.2	2853469
NC_003197.2	2853470
NC_003197.2	2853472
NC_003197.2	2853475
NC_003197.2	2853478
NC_003197.2	2853483
NC_003197.2	2853490
NC_003197.2	2853491
NC_003197.2	2853493
NC_003197.2	2853494
NC_003197.2	2853502
NC_003197.2	2853503
NC_003197.2	2853504
NC_003197.2	2853511
NC_003197.2	2853512
NC_003197.2	2853513
NC_003197.2	2853515
NC_003197.2	2853518
NC_003197.2	2853520
NC_003197.2	2853523
NC_003197.2	2853526
NC_003197.2	2853531
NC_003197.2	2853532
NC_003197.2	2853535
NC_003197.2	2853541
NC_003197.2	2853545
NC_003197.2	2853555
NC_003197.2	2853556
NC_003197.2	2853558
NC_003197.2	2853562
NC_003197.2	2853565
NC_003197.2	2853574
NC_003197.2	2853575
NC_003197.2	2853576
NC_003197.2	2853583
NC_003197.2	2853587
NC_003197.2	2853589
NC_003197.2	2853597
NC_003197.2	2853598
NC_003197.2	2853603
NC_003197.2	2853667
NC_003197.2	2853694
NC_003197.2	2853719
NC_003197.2	2853753
NC_003197.2	2853765
NC_003197.2	2853775
NC_003197.2	2853778
NC_003197.2	2853793
NC_003197.2	2853795
NC_003197.2	2853820
NC_003197.2	2853824
NC_003197.2	2853826
NC_003197.2	2853835
NC_003197.2	2853844
NC_003197.2	2853871
NC_003197.2	2853886
NC_003197.2	2853892
NC_003197.2	2853895
NC_003197.2	2853898
NC_003197.2	2853900
NC_003197.2	2853903
NC_003197.2	2853904
NC_003197.2	2853908
NC_003197.2	2853930
NC_003197.2	2853934
NC_003197.2	2853940
NC_003197.2	2853947
NC_003197.2	2853952
NC_003197.2	2853955
NC_003197.2	2853956
NC_003197.2	2853962
NC_003197.2	2853964
NC_003197.2	2853979
NC_003197.2	2853984
NC_003197.2	2854003
NC_003197.2	2854063
NC_003197.2	2854064
NC_003197.2	2854086
NC_003197.2	2854089
NC_003197.2	2854090
NC_003197.2	2854091
NC_003197.2	2854137
NC_003197.2	2854140
NC_003197.2	2854173
NC_003197.2	2854192
NC_003197.2	2854193
NC_003197.2	2854199
NC_003197.2	2854215
NC_003197.2	2854216
NC_003197.2	2854217
NC_003197.2	2854221
NC_003197.2	2854223
NC_003197.2	2854229
NC_003197.2	2854233
NC_003197.2	2854239
NC_003197.2	2854241
NC_003197.2	2854242
NC_003197.2	2854254
NC_003197.2	2854257
NC_003197.2	2854278
NC_003197.2	2854281
NC_003197.2	2854290
NC_003197.2	2854293
NC_003197.2	2854294
NC_003197.2	2854295
NC_003197.2	2854311
NC_003197.2	2854326
NC_003197.2	2854328
NC_003197.2	2854329
NC_003197.2	2854331
NC_003197.2	2854332
NC_003197.2	2854344
NC_003197.2	2854359
NC_003197.2	2854361
NC_003197.2	2854362
NC_003197.2	2854368
NC_003197.2	2854374
NC_003197.2	2854377
NC_003197.2	2854380
NC_003197.2	2854392
NC_003197.2	2854395
NC_003197.2	2854398
NC_003197.2	2854401
NC_003197.2	2854409
NC_003197.2	2854410
NC_003197.2	2854422
NC_003197.2	2854425
NC_003197.2	2854434
NC_003197.2	2854439
NC_003197.2	2854442
NC_003197.2	2854443
NC_003197.2	2854446
NC_003197.2	2854449
NC_003197.2	2854455
NC_003197.2	2854461
NC_003197.2	2854467
NC_003197.2	2854477
NC_003197.2	2854479
NC_003197.2	2854482
NC_003197.2	2854543
NC_003197.2	2854545
NC_003197.2	2854551
NC_003197.2	2854552
NC_003197.2	2854554
NC_003197.2	2854575
NC_003197.2	2854587
NC_003197.2	2854606
NC_003197.2	2854609
NC_003197.2	2854611
NC_003197.2	2854614
NC_003197.2	2854618
NC_003197.2	2885593
NC_003197.2	2885601
NC_003197.2	2885683
NC_003197.2	2894458
NC_003197.2	2894595
NC_003197.2	2899522
NC_003197.2	2916034
NC_003197.2	2916038
NC_003197.2	2916039
NC_003197.2	2923039
NC_003197.2	2923179
NC_003197.2	2925313
NC_003197.2	2928487
NC_003197.2	2940896
NC_003197.2	2943241
NC_003197.2	2948022
NC_003197.2	2967472
NC_003197.2	2969681
NC_003197.2	2972759
NC_003197.2	2994241
NC_003197.2	3001122
NC_003197.2	3005624
NC_003197.2	3010831
NC_003197.2	3055692
NC_003197.2	3055772
NC_003197.2	3055957
NC_003197.2	3056336
NC_003197.2	3056354
NC_003197.2	3058215
NC_003197.2	3064150
NC_003197.2	3066493
NC_003197.2	3073541
NC_003197.2	3076832
NC_003197.2	3076842
NC_003197.2	3076847
NC_003197.2	3076848
NC_003197.2	3076849
NC_003197.2	3076857
NC_003197.2	3076858
NC_003197.2	3076859
NC_003197.2	3076861
NC_003197.2	3076891
NC_003197.2	3076893
NC_003197.2	3076894
NC_003197.2	3076896
NC_003197.2	3076897
NC_003197.2	3076901
NC_003197.2	3076902
NC_003197.2	3076904
NC_003197.2	3076906
NC_003197.2	3076907
NC_003197.2	3076921
NC_003197.2	3076922
NC_003197.2	3076963
NC_003197.2	3076965
NC_003197.2	3076966
NC_003197.2	3076975
NC_003197.2	3076979
NC_003197.2	3076980
NC_003197.2	3077014
NC_003197.2	3077019
NC_003197.2	3077040
NC_003197.2	3077042
NC_003197.2	3077043
NC_003197.2	3077046
NC_003197.2	3077060
NC_003197.2	3077071
NC_003197.2	3077076
NC_003197.2	3077084
NC_003197.2	3077119
NC_003197.2	3077121
NC_003197.2	3077127
NC_003197.2	3077128
NC_003197.2	3077129
NC_003197.2	3077136
NC_003197.2	3077137
NC_003197.2	3077142
NC_003197.2	3077143
NC_003197.2	3077179
NC_003197.2	3077180
NC_003197.2	3077182
NC_003197.2	3077184
NC_003197.2	3077185
NC_003197.2	3077188
NC_003197.2	3077189
NC_003197.2	3077191
NC_003197.2	3077192
NC_003197.2	3077197
NC_003197.2	3077200
NC_003197.2	3077205
NC_003197.2	3077210
NC_003197.2	3077376
NC_003197.2	3077379
NC_003197.2	3077385
NC_003197.2	3077390
NC_003197.2	3077392
NC_003197.2	3077424
NC_003197.2	3077425
NC_003197.2	3077427
NC_003197.2	3077429
NC_003197.2	3077430
NC_003197.2	3077439
NC_003197.2	3077442
NC_003197.2	3077445
NC_003197.2	3077446
NC_003197.2	3077448
NC_003197.2	3077449
NC_003197.2	3077451
NC_003197.2	3077453
NC_003197.2	3077454
NC_003197.2	3077483
NC_003197.2	3077494
NC_003197.2	3077495
NC_003197.2	3077508
NC_003197.2	3077537
NC_003197.2	3077541
NC_003197.2	3077543
NC_003197.2	3077547
NC_003197.2	3077549
NC_003197.2	3077558
NC_003197.2	3077607
NC_003197.2	3077608
NC_003197.2	3077615
NC_003197.2	3077618
NC_003197.2	3077621
NC_003197.2	3077622
NC_003197.2	3077671
NC_003197.2	3077672
NC_003197.2	3077677
NC_003197.2	3077684
NC_003197.2	3077686
NC_003197.2	3077692
NC_003197.2	3077694
NC_003197.2	3077697
NC_003197.2	3077727
NC_003197.2	3077730
NC_003197.2	3077736
NC_003197.2	3077739
NC_003197.2	3077741
NC_003197.2	3077744
NC_003197.2	3077745
NC_003197.2	3077752
NC_003197.2	3077755
NC_003197.2	3077758
NC_003197.2	3077792
NC_003197.2	3077793
NC_003197.2	3077799
NC_003197.2	3077817
NC_003197.2	3077841
NC_003197.2	3077848
NC_003197.2	3077849
NC_003197.2	3077850
NC_003197.2	3077851
NC_003197.2	3077852
NC_003197.2	3077854
NC_003197.2	3077857
NC_003197.2	3077858
NC_003197.2	3077860
NC_003197.2	3077862
NC_003197.2	3077865
NC_003197.2	3077867
NC_003197.2	3077868
NC_003197.2	3077869
NC_003197.2	3077872
NC_003197.2	3077875
NC_003197.2	3077911
NC_003197.2	3077915
NC_003197.2	3077916
NC_003197.2	3077920
NC_003197.2	3077921
NC_003197.2	3077925
NC_003197.2	3077926
NC_003197.2	3077928
NC_003197.2	3077931
NC_003197.2	3077935
NC_003197.2	3077936
NC_003197.2	3077938
NC_003197.2	3077942
NC_003197.2	3077998
NC_003197.2	3077999
NC_003197.2	3078001
NC_003197.2	3078002
NC_003197.2	3078003
NC_003197.2	3078033
NC_003197.2	3078037
NC_003197.2	3078038
NC_003197.2	3078044
NC_003197.2	3078045
NC_003197.2	3078049
NC_003197.2	3078051
NC_003197.2	3078052
NC_003197.2	3078054
NC_003197.2	3078056
NC_003197.2	3078060
NC_003197.2	3078061
NC_003197.2	3078063
NC_003197.2	3078097
NC_003197.2	3078098
NC_003197.2	3078099
NC_003197.2	3078101
NC_003197.2	3078104
NC_003197.2	3078106
NC_003197.2	3078109
NC_003197.2	3078111
NC_003197.2	3078114
NC_003197.2	3078121
NC_003197.2	3078122
NC_003197.2	3078126
NC_003197.2	3082199
NC_003197.2	3084022
NC_003197.2	3084517
NC_003197.2	3093575
NC_003197.2	3095481
NC_003197.2	3095482
NC_003197.2	3095484
NC_003197.2	3095485
NC_003197.2	3095486
NC_003197.2	3095493
NC_003197.2	3095545
NC_003197.2	3095547
NC_003197.2	3095550
NC_003197.2	3095555
NC_003197.2	3095557
NC_003197.2	3095565
NC_003197.2	3095566
NC_003197.2	3095567
NC_003197.2	3095597
NC_003197.2	3095605
NC_003197.2	3095612
NC_003197.2	3095615
NC_003197.2	3095616
NC_003197.2	3095618
NC_003197.2	3095619
NC_003197.2	3095626
NC_003197.2	3095627
NC_003197.2	3095659
NC_003197.2	3095662
NC_003197.2	3095667
NC_003197.2	3095669
NC_003197.2	3095670
NC_003197.2	3095672
NC_003197.2	3095673
NC_003197.2	3095681
NC_003197.2	3095682
NC_003197.2	3095684
NC_003197.2	3095686
NC_003197.2	3095688
NC_003197.2	3095689
NC_003197.2	3095692
NC_003197.2	3095696
NC_003197.2	3095722
NC_003197.2	3095723
NC_003197.2	3095724
NC_003197.2	3095730
NC_003197.2	3095732
NC_003197.2	3095733
NC_003197.2	3095735
NC_003197.2	3095740
NC_003197.2	3095742
NC_003197.2	3095744
NC_003197.2	3095750
NC_003197.2	3095781
NC_003197.2	3095782
NC_003197.2	3095783
NC_003197.2	3095789
NC_003197.2	3095791
NC_003197.2	3095794
NC_003197.2	3095795
NC_003197.2	3095796
NC_003197.2	3095797
NC_003197.2	3095799
NC_003197.2	3095802
NC_003197.2	3095803
NC_003197.2	3095805
NC_003197.2	3095806
NC_003197.2	3095807
NC_003197.2	3095808
NC_003197.2	3095809
NC_003197.2	3095841
NC_003197.2	3095842
NC_003197.2	3095843
NC_003197.2	3095844
NC_003197.2	3095845
NC_003197.2	3095847
NC_003197.2	3095849
NC_003197.2	3095851
NC_003197.2	3095852
NC_003197.2	3095853
NC_003197.2	3095855
NC_003197.2	3095856
NC_003197.2	3095863
NC_003197.2	3095865
NC_003197.2	3095866
NC_003197.2	3095870
NC_003197.2	3095871
NC_003197.2	3095872
NC_003197.2	3095882
NC_003197.2	3095883
NC_003197.2	3095889
NC_003197.2	3095893
NC_003197.2	3095910
NC_003197.2	3095911
NC_003197.2	3095915
NC_003197.2	3095916
NC_003197.2	3095917
NC_003197.2	3095918
NC_003197.2	3095919
NC_003197.2	3095923
NC_003197.2	3095928
NC_003197.2	3095949
NC_003197.2	3095963
NC_003197.2	3095965
NC_003197.2	3095969
NC_003197.2	3095970
NC_003197.2	3095972
NC_003197.2	3095981
NC_003197.2	3095984
NC_003197.2	3095986
NC_003197.2	3095988
NC_003197.2	3095990
NC_003197.2	3096024
NC_003197.2	3096025
NC_003197.2	3096027
NC_003197.2	3096028
NC_003197.2	3096029
NC_003197.2	3096030
NC_003197.2	3096031
NC_003197.2	3096033
NC_003197.2	3096034
NC_003197.2	3096035
NC_003197.2	3096037
NC_003197.2	3096038
NC_003197.2	3096039
NC_003197.2	3096040
NC_003197.2	3096041
NC_003197.2	3096043
NC_003197.2	3096044
NC_003197.2	3096045
NC_003197.2	3096046
NC_003197.2	3096047
NC_003197.2	3096048
NC_003197.2	3096051
NC_003197.2	3096052
NC_003197.2	3096055
NC_003197.2	3096085
NC_003197.2	3096087
NC_003197.2	3096087
NC_003197.2	3096088
NC_003197.2	3096089
NC_003197.2	3096090
NC_003197.2	3096091
NC_003197.2	3096094
NC_003197.2	3096097
NC_003197.2	3096098
NC_003197.2	3096102
NC_003197.2	3096105
NC_003197.2	3096111
NC_003197.2	3096113
NC_003197.2	3096115
NC_003197.2	3096116
NC_003197.2	3096161
NC_003197.2	3096163
NC_003197.2	3096166
NC_003197.2	3096172
NC_003197.2	3096173
NC_003197.2	3096174
NC_003197.2	3096176
NC_003197.2	3096177
NC_003197.2	3096209
NC_003197.2	3096210
NC_003197.2	3096216
NC_003197.2	3096217
NC_003197.2	3096221
NC_003197.2	3096223
NC_003197.2	3096230
NC_003197.2	3096235
NC_003197.2	3096236
NC_003197.2	3096237
NC_003197.2	3096605
NC_003197.2	3101505
NC_003197.2	3102211
NC_003197.2	3116525
NC_003197.2	3116973
NC_003197.2	3123213
NC_003197.2	3136471
NC_003197.2	3148806
NC_003197.2	3181802
NC_003197.2	3185990
NC_003197.2	3188696
NC_003197.2	3191817
NC_003197.2	3196469
NC_003197.2	3213542
NC_003197.2	3220357
NC_003197.2	3227608
NC_003197.2	3227778
NC_003197.2	3236246
NC_003197.2	3241644
NC_003197.2	3242915
NC_003197.2	3243536
NC_003197.2	3246680
NC_003197.2	3256290
NC_003197.2	3267556
NC_003197.2	3270985
NC_003197.2	3276563
NC_003197.2	3283126
NC_003197.2	3286331
NC_003197.2	3291228
NC_003197.2	3300998
NC_003197.2	3301899
NC_003197.2	3318145
NC_003197.2	3326281
NC_003197.2	3326443
NC_003197.2	3327608
NC_003197.2	3333178
NC_003197.2	3335473
NC_003197.2	3336284
NC_003197.2	3337500
NC_003197.2	3346020
NC_003197.2	3355397
NC_003197.2	3356789
NC_003197.2	3360961
NC_003197.2	3362417
NC_003197.2	3379124
NC_003197.2	3379133
NC_003197.2	3384596
NC_003197.2	3392256
NC_003197.2	3396968
NC_003197.2	3405004
NC_003197.2	3413868
NC_003197.2	3417206
NC_003197.2	3422469
NC_003197.2	3428608
NC_003197.2	3433890
NC_003197.2	3436443
NC_003197.2	3442694
NC_003197.2	3471821
NC_003197.2	3490584
NC_003197.2	3505517
NC_003197.2	3509976
NC_003197.2	3519150
NC_003197.2	3519159
NC_003197.2	3519168
NC_003197.2	3519192
NC_003197.2	3519210
NC_003197.2	3519219
NC_003197.2	3519221
NC_003197.2	3519222
NC_003197.2	3519224
NC_003197.2	3519291
NC_003197.2	3519297
NC_003197.2	3519298
NC_003197.2	3519315
NC_003197.2	3519316
NC_003197.2	3519317
NC_003197.2	3519509
NC_003197.2	3519534
NC_003197.2	3519552
NC_003197.2	3519555
NC_003197.2	3519557
NC_003197.2	3519573
NC_003197.2	3519618
NC_003197.2	3519639
NC_003197.2	3519660
NC_003197.2	3519708
NC_003197.2	3519711
NC_003197.2	3519721
NC_003197.2	3519726
NC_003197.2	3519729
NC_003197.2	3519732
NC_003197.2	3520044
NC_003197.2	3520045
NC_003197.2	3520047
NC_003197.2	3520052
NC_003197.2	3520092
NC_003197.2	3520095
NC_003197.2	3520143
NC_003197.2	3520185
NC_003197.2	3520233
NC_003197.2	3520236
NC_003197.2	3520275
NC_003197.2	3520278
NC_003197.2	3520308
NC_003197.2	3520326
NC_003197.2	3520404
NC_003197.2	3520407
NC_003197.2	3520479
NC_003197.2	3520481
NC_003197.2	3520506
NC_003197.2	3520509
NC_003197.2	3520542
NC_003197.2	3520566
NC_003197.2	3520584
NC_003197.2	3520638
NC_003197.2	3520653
NC_003197.2	3520704
NC_003197.2	3520734
NC_003197.2	3520755
NC_003197.2	3520764
NC_003197.2	3520770
NC_003197.2	3520776
NC_003197.2	3520815
NC_003197.2	3520881
NC_003197.2	3520916
NC_003197.2	3520920
NC_003197.2	3520926
NC_003197.2	3520944
NC_003197.2	3520962
NC_003197.2	3521139
NC_003197.2	3521292
NC_003197.2	3521337
NC_003197.2	3521340
NC_003197.2	3521342
NC_003197.2	3521345
NC_003197.2	3521346
NC_003197.2	3521349
NC_003197.2	3521352
NC_003197.2	3521400
NC_003197.2	3521401
NC_003197.2	3521402
NC_003197.2	3521403
NC_003197.2	3521406
NC_003197.2	3521409
NC_003197.2	3521436
NC_003197.2	3521439
NC_003197.2	3521445
NC_003197.2	3521447
NC_003197.2	3521448
NC_003197.2	3521499
NC_003197.2	3521517
NC_003197.2	3521520
NC_003197.2	3521523
NC_003197.2	3521526
NC_003197.2	3521535
NC_003197.2	3521591
NC_003197.2	3521628
NC_003197.2	3521664
NC_003197.2	3521667
NC_003197.2	3521751
NC_003197.2	3521754
NC_003197.2	3525119
NC_003197.2	3534789
NC_003197.2	3555761
NC_003197.2	3560946
NC_003197.2	3568122
NC_003197.2	3568397
NC_003197.2	3568398
NC_003197.2	3569432
NC_003197.2	3569433
NC_003197.2	3569452
NC_003197.2	3569465
NC_003197.2	3569766
NC_003197.2	3570102
NC_003197.2	3570112
NC_003197.2	3570272
NC_003197.2	3570388
NC_003197.2	3570389
NC_003197.2	3570390
NC_003197.2	3570391
NC_003197.2	3570392
NC_003197.2	3570398
NC_003197.2	3570399
NC_003197.2	3570400
NC_003197.2	3570421
NC_003197.2	3570452
NC_003197.2	3570458
NC_003197.2	3570461
NC_003197.2	3570462
NC_003197.2	3570992
NC_003197.2	3571007
NC_003197.2	3571008
NC_003197.2	3571009
NC_003197.2	3571765
NC_003197.2	3595762
NC_003197.2	3604837
NC_003197.2	3608129
NC_003197.2	3617904
NC_003197.2	3617931
NC_003197.2	3620234
NC_003197.2	3628962
NC_003197.2	3643693
NC_003197.2	3643970
NC_003197.2	3670806
NC_003197.2	3673558
NC_003197.2	3676603
NC_003197.2	3681792
NC_003197.2	3682517
NC_003197.2	3682663
NC_003197.2	3683647
NC_003197.2	3693909
NC_003197.2	3695773
NC_003197.2	3696452
NC_003197.2	3704359
NC_003197.2	3711093
NC_003197.2	3715412
NC_003197.2	3717422
NC_003197.2	3723179
NC_003197.2	3738123
NC_003197.2	3748320
NC_003197.2	3748474
NC_003197.2	3755222
NC_003197.2	3762709
NC_003197.2	3778361
NC_003197.2	3798263
NC_003197.2	3804935
NC_003197.2	3821578
NC_003197.2	3828330
NC_003197.2	3848548
NC_003197.2	3851373
NC_003197.2	3861302
NC_003197.2	3861983
NC_003197.2	3874225
NC_003197.2	3901597
NC_003197.2	3906701
NC_003197.2	3906745
NC_003197.2	3907108
NC_003197.2	3932540
NC_003197.2	3934039
NC_003197.2	3960639
NC_003197.2	3963930
NC_003197.2	3973092
NC_003197.2	3990507
NC_003197.2	4006091
NC_003197.2	4011771
NC_003197.2	4012776
NC_003197.2	4012807
NC_003197.2	4012810
NC_003197.2	4012843
NC_003197.2	4012865
NC_003197.2	4012867
NC_003197.2	4012869
NC_003197.2	4012873
NC_003197.2	4012877
NC_003197.2	4012878
NC_003197.2	4012883
NC_003197.2	4012885
NC_003197.2	4012888
NC_003197.2	4012889
NC_003197.2	4012897
NC_003197.2	4012900
NC_003197.2	4012903
NC_003197.2	4012904
NC_003197.2	4012906
NC_003197.2	4012919
NC_003197.2	4012921
NC_003197.2	4012950
NC_003197.2	4012953
NC_003197.2	4012957
NC_003197.2	4012961
NC_003197.2	4012963
NC_003197.2	4012973
NC_003197.2	4012975
NC_003197.2	4012977
NC_003197.2	4012978
NC_003197.2	4012980
NC_003197.2	4012981
NC_003197.2	4013034
NC_003197.2	4013095
NC_003197.2	4037448
NC_003197.2	4042987
NC_003197.2	4065487
NC_003197.2	4065715
NC_003197.2	4095557
NC_003197.2	4100394
NC_003197.2	4101150
NC_003197.2	4101151
NC_003197.2	4101152
NC_003197.2	4101167
NC_003197.2	4102096
NC_003197.2	4102153
NC_003197.2	4102154
NC_003197.2	4102354
NC_003197.2	4102655
NC_003197.2	4102687
NC_003197.2	4102688
NC_003197.2	4103998
NC_003197.2	4139801
NC_003197.2	4165773
NC_003197.2	4166418
NC_003197.2	4175568
NC_003197.2	4180704
NC_003197.2	4181553
NC_003197.2	4186841
NC_003197.2	4195990
NC_003197.2	4195991
NC_003197.2	4195993
NC_003197.2	4196321
NC_003197.2	4197077
NC_003197.2	4197078
NC_003197.2	4197079
NC_003197.2	4197094
NC_003197.2	4197099
NC_003197.2	4198089
NC_003197.2	4198096
NC_003197.2	4198097
NC_003197.2	4198104
NC_003197.2	4198105
NC_003197.2	4198108
NC_003197.2	4198442
NC_003197.2	4198756
NC_003197.2	4198775
NC_003197.2	4198776
NC_003197.2	4199298
NC_003197.2	4199301
NC_003197.2	4199390
NC_003197.2	4199425
NC_003197.2	4199433
NC_003197.2	4199434
NC_003197.2	4199435
NC_003197.2	4199436
NC_003197.2	4199443
NC_003197.2	4199444
NC_003197.2	4199739
NC_003197.2	4199810
NC_003197.2	4199811
NC_003197.2	4199952
NC_003197.2	4200086
NC_003197.2	4201156
NC_003197.2	4201159
NC_003197.2	4201169
NC_003197.2	4201171
NC_003197.2	4201180
NC_003197.2	4201182
NC_003197.2	4201191
NC_003197.2	4201277
NC_003197.2	4201283
NC_003197.2	4201292
NC_003197.2	4201298
NC_003197.2	4201300
NC_003197.2	4201303
NC_003197.2	4201304
NC_003197.2	4201308
NC_003197.2	4207757
NC_003197.2	4207854
NC_003197.2	4212659
NC_003197.2	4217245
NC_003197.2	4233929
NC_003197.2	4234313
NC_003197.2	4250201
NC_003197.2	4262048
NC_003197.2	4262618
NC_003197.2	4265051
NC_003197.2	4267212
NC_003197.2	4269013
NC_003197.2	4281833
NC_003197.2	4284597
NC_003197.2	4294998
NC_003197.2	4313622
NC_003197.2	4317779
NC_003197.2	4319027
NC_003197.2	4319901
NC_003197.2	4350885
NC_003197.2	4350888
NC_003197.2	4350900
NC_003197.2	4351055
NC_003197.2	4351125
NC_003197.2	4351392
NC_003197.2	4352148
NC_003197.2	4352149
NC_003197.2	4352150
NC_003197.2	4352165
NC_003197.2	4353160
NC_003197.2	4353167
NC_003197.2	4353168
NC_003197.2	4353172
NC_003197.2	4353173
NC_003197.2	4353175
NC_003197.2	4353176
NC_003197.2	4353179
NC_003197.2	4353513
NC_003197.2	4354369
NC_003197.2	4354372
NC_003197.2	4354380
NC_003197.2	4354381
NC_003197.2	4354384
NC_003197.2	4354385
NC_003197.2	4354387
NC_003197.2	4354392
NC_003197.2	4354397
NC_003197.2	4354438
NC_003197.2	4354449
NC_003197.2	4354452
NC_003197.2	4354456
NC_003197.2	4354461
NC_003197.2	4354494
NC_003197.2	4354496
NC_003197.2	4354504
NC_003197.2	4354505
NC_003197.2	4354506
NC_003197.2	4354507
NC_003197.2	4354514
NC_003197.2	4354515
NC_003197.2	4354810
NC_003197.2	4354881
NC_003197.2	4354882
NC_003197.2	4355023
NC_003197.2	4356243
NC_003197.2	4356246
NC_003197.2	4356250
NC_003197.2	4356252
NC_003197.2	4356256
NC_003197.2	4356259
NC_003197.2	4356261
NC_003197.2	4356265
NC_003197.2	4356269
NC_003197.2	4356271
NC_003197.2	4356272
NC_003197.2	4356275
NC_003197.2	4356285
NC_003197.2	4356286
NC_003197.2	4356328
NC_003197.2	4356332
NC_003197.2	4356333
NC_003197.2	4356338
NC_003197.2	4356345
NC_003197.2	4356355
NC_003197.2	4356361
NC_003197.2	4356369
NC_003197.2	4356371
NC_003197.2	4356377
NC_003197.2	4356379
NC_003197.2	4356397
NC_003197.2	4356398
NC_003197.2	4366532
NC_003197.2	4368864
NC_003197.2	4369451
NC_003197.2	4396204
NC_003197.2	4396205
NC_003197.2	4396422
NC_003197.2	4398581
NC_003197.2	4401991
NC_003197.2	4436551
NC_003197.2	4442766
NC_003197.2	4462388
NC_003197.2	4462539
NC_003197.2	4464026
NC_003197.2	4464029
NC_003197.2	4477662
NC_003197.2	4492578
NC_003197.2	4519945
NC_003197.2	4525949
NC_003197.2	4526733
NC_003197.2	4538276
NC_003197.2	4540464
NC_003197.2	4552261
NC_003197.2	4555903
NC_003197.2	4558158
NC_003197.2	4559158
NC_003197.2	4559997
NC_003197.2	4561052
NC_003197.2	4565389
NC_003197.2	4567943
NC_003197.2	4570808
NC_003197.2	4573168
NC_003197.2	4580268
NC_003197.2	4583111
NC_003197.2	4599168
NC_003197.2	4602760
NC_003197.2	4605315
NC_003197.2	4612086
NC_003197.2	4614628
NC_003197.2	4615346
NC_003197.2	4616706
NC_003197.2	4622120
NC_003197.2	4627395
NC_003197.2	4638169
NC_003197.2	4638935
NC_003197.2	4664884
NC_003197.2	4674490
NC_003197.2	4694491
NC_003197.2	4696120
NC_003197.2	4699643
NC_003197.2	4708002
NC_003197.2	4710880
NC_003197.2	4712792
NC_003197.2	4714710
NC_003197.2	4726080
NC_003197.2	4729530
NC_003197.2	4743472
NC_003197.2	4753088
NC_003197.2	4776630
NC_003197.2	4781375
NC_003197.2	4792209
NC_003197.2	4792747
NC_003197.2	4798902
NC_003197.2	4809678
NC_003197.2	4810120
NC_003197.2	4813825
NC_003197.2	4817662
NC_003197.2	4818229
NC_003197.2	4824409
NC_003197.2	4839185
NC_003197.2	4843585
NC_003197.2	4843656
NC_003197.2	4845222
NC_003197.2	4848028
NC_003197.2	4850080
NC_003197.2	4853467
NC_003197.2	4853468
NC_003197.2	4857011
NC_003277.2	1269
NC_003277.2	1271
NC_003277.2	1275
NC_003277.2	1279
NC_003277.2	1282
NC_003277.2	1283
NC_003277.2	1298
NC_003277.2	1300
NC_003277.2	1304
NC_003277.2	1330
NC_003277.2	1331
NC_003277.2	1338
NC_003277.2	1339
NC_003277.2	1340
NC_003277.2	1365
NC_003277.2	1366
NC_003277.2	1378
NC_003277.2	1393
NC_003277.2	1396
NC_003277.2	1398
NC_003277.2	1399
NC_003277.2	1403
NC_003277.2	1405
NC_003277.2	1408
NC_003277.2	1420
NC_003277.2	1422
NC_003277.2	1441
NC_003277.2	1444
NC_003277.2	1448
NC_003277.2	1449
NC_003277.2	1450
NC_003277.2	1453
NC_003277.2	1458
NC_003277.2	1459
NC_003277.2	1468
NC_003277.2	1493
NC_003277.2	1496
NC_003277.2	1500
NC_003277.2	1501
NC_003277.2	1503
NC_003277.2	1504
NC_003277.2	1506
NC_003277.2	1507
NC_003277.2	1515
NC_003277.2	1520
NC_003277.2	1522
NC_003277.2	1525
NC_003277.2	1526
NC_003277.2	1527
NC_003277.2	1531
NC_003277.2	1536
NC_003277.2	1537
NC_003277.2	1540
NC_003277.2	1542
NC_003277.2	1552
NC_003277.2	1555
NC_003277.2	1559
NC_003277.2	1564
NC_003277.2	1565
NC_003277.2	1566
NC_003277.2	1570
NC_003277.2	1577
NC_003277.2	1578
NC_003277.2	1579
NC_003277.2	1601
NC_003277.2	1602
NC_003277.2	1609
NC_003277.2	1612
NC_003277.2	1618
NC_003277.2	1620
NC_003277.2	1623
NC_003277.2	1630
NC_003277.2	1632
NC_003277.2	1633
NC_003277.2	1638
NC_003277.2	1639
NC_003277.2	1640
NC_003277.2	1649
NC_003277.2	1656
NC_003277.2	1665
NC_003277.2	1669
NC_003277.2	1721
NC_003277.2	1725
NC_003277.2	1727
NC_003277.2	1733
NC_003277.2	1741
NC_003277.2	1746
NC_003277.2	1747
NC_003277.2	1769
NC_003277.2	1770
NC_003277.2	1779
NC_003277.2	1780
NC_003277.2	1781
NC_003277.2	1793
NC_003277.2	1801
NC_003277.2	1802
NC_003277.2	1803
NC_003277.2	1805
NC_003277.2	1810
NC_003277.2	1811
NC_003277.2	1812
NC_003277.2	1820
NC_003277.2	1834
NC_003277.2	1835
NC_003277.2	1848
NC_003277.2	1854
NC_003277.2	1856
NC_003277.2	1862
NC_003277.2	1868
NC_003277.2	1871
NC_003277.2	1873
NC_003277.2	1884
NC_003277.2	1887
NC_003277.2	1896
NC_003277.2	1915
NC_003277.2	1916
NC_003277.2	1918
NC_003277.2	1919
NC_003277.2	1929
NC_003277.2	1930
NC_003277.2	1932
NC_003277.2	1933
NC_003277.2	1943
NC_003277.2	1946
NC_003277.2	1947
NC_003277.2	1955
NC_003277.2	1961
NC_003277.2	1964
NC_003277.2	1967
NC_003277.2	1978
NC_003277.2	1979
NC_003277.2	1982
NC_003277.2	1985
NC_003277.2	1988
NC_003277.2	1989
NC_003277.2	1991
NC_003277.2	1998
NC_003277.2	1999
NC_003277.2	2000
NC_003277.2	2001
NC_003277.2	2006
NC_003277.2	2010
NC_003277.2	2011
NC_003277.2	2021
NC_003277.2	2024
NC_003277.2	2032
NC_003277.2	2033
NC_003277.2	2038
NC_003277.2	2041
NC_003277.2	2042
NC_003277.2	2051
NC_003277.2	2066
NC_003277.2	2067
NC_003277.2	2070
NC_003277.2	2072
NC_003277.2	2082
NC_003277.2	2083
NC_003277.2	2084
NC_003277.2	2086
NC_003277.2	2087
NC_003277.2	2095
NC_003277.2	2096
NC_003277.2	2099
NC_003277.2	2100
NC_003277.2	2101
NC_003277.2	2107
NC_003277.2	2108
NC_003277.2	2111
NC_003277.2	2117
NC_003277.2	2120
NC_003277.2	2121
NC_003277.2	2123
NC_003277.2	2129
NC_003277.2	2132
NC_003277.2	2135
NC_003277.2	2141
NC_003277.2	2153
NC_003277.2	2160
NC_003277.2	2165
NC_003277.2	2168
NC_003277.2	2171
NC_003277.2	2177
NC_003277.2	2180
NC_003277.2	2192
NC_003277.2	2195
NC_003277.2	2199
NC_003277.2	2201
NC_003277.2	2212
NC_003277.2	2213
NC_003277.2	2219
NC_003277.2	2222
NC_003277.2	2231
NC_003277.2	2237
NC_003277.2	2240
NC_003277.2	2246
NC_003277.2	2247
NC_003277.2	2248
NC_003277.2	2249
NC_003277.2	2250
NC_003277.2	2251
NC_003277.2	2255
NC_003277.2	2257
NC_003277.2	2258
NC_003277.2	2261
NC_003277.2	2273
NC_003277.2	2279
NC_003277.2	2282
NC_003277.2	2285
NC_003277.2	2290
NC_003277.2	2291
NC_003277.2	2294
NC_003277.2	2295
NC_003277.2	2298
NC_003277.2	2309
NC_003277.2	2327
NC_003277.2	2330
NC_003277.2	2333
NC_003277.2	2336
NC_003277.2	2341
NC_003277.2	2342
NC_003277.2	2352
NC_003277.2	2354
NC_003277.2	2357
NC_003277.2	2366
NC_003277.2	2372
NC_003277.2	2378
NC_003277.2	2384
NC_003277.2	2390
NC_003277.2	2391
NC_003277.2	2393
NC_003277.2	2396
NC_003277.2	2402
NC_003277.2	2403
NC_003277.2	2405
NC_003277.2	2408
NC_003277.2	2411
NC_003277.2	2413
NC_003277.2	2417
NC_003277.2	2419
NC_003277.2	2429
NC_003277.2	2438
NC_003277.2	2444
NC_003277.2	2475
NC_003277.2	2476
NC_003277.2	2477
NC_003277.2	2483
NC_003277.2	2484
NC_003277.2	2486
NC_003277.2	2491
NC_003277.2	2492
NC_003277.2	2501
NC_003277.2	2522
NC_003277.2	2531
NC_003277.2	2534
NC_003277.2	2537
NC_003277.2	2546
NC_003277.2	2553
NC_003277.2	2555
NC_003277.2	2558
NC_003277.2	2560
NC_003277.2	2564
NC_003277.2	2565
NC_003277.2	2566
NC_003277.2	2567
NC_003277.2	2569
NC_003277.2	2570
NC_003277.2	2574
NC_003277.2	2576
NC_003277.2	2582
NC_003277.2	2588
NC_003277.2	2594
NC_003277.2	2600
NC_003277.2	2604
NC_003277.2	2616
NC_003277.2	2621
NC_003277.2	2626
NC_003277.2	2627
NC_003277.2	2630
NC_003277.2	2641
NC_003277.2	2654
NC_003277.2	11794
NC_003277.2	11797
NC_003277.2	11809
NC_003277.2	11818
NC_003277.2	11827
NC_003277.2	11831
NC_003277.2	11878
NC_003277.2	11887
NC_003277.2	11898
NC_003277.2	11899
NC_003277.2	11909
NC_003277.2	11910
NC_003277.2	11956
NC_003277.2	11959
NC_003277.2	11971
NC_003277.2	12015
NC_003277.2	12076
NC_003277.2	12085
NC_003277.2	12124
NC_003277.2	12196
NC_003277.2	12199
NC_003277.2	12220
NC_003277.2	12254
NC_003277.2	12260
NC_003277.2	12271
NC_003277.2	12272
NC_003277.2	12273
NC_003277.2	12291
NC_003277.2	12310
NC_003277.2	12322
NC_003277.2	12333
NC_003277.2	12466
NC_003277.2	12495
NC_003277.2	12682
NC_003277.2	12781
NC_003277.2	12784
NC_003277.2	12808
NC_003277.2	12945
NC_003277.2	12967
NC_003277.2	12973
NC_003277.2	12974
NC_003277.2	12976
NC_003277.2	12979
NC_003277.2	12985
NC_003277.2	12988
NC_003277.2	13003
NC_003277.2	13006
NC_003277.2	13010
NC_003277.2	13011
NC_003277.2	13012
NC_003277.2	13015
NC_003277.2	13020
NC_003277.2	13021
NC_003277.2	13024
NC_003277.2	13066
NC_003277.2	13096
NC_003277.2	13105
NC_003277.2	13117
NC_003277.2	13126
NC_003277.2	13135
NC_003277.2	13198
NC_003277.2	15944
NC_003277.2	15951
NC_003277.2	15953
NC_003277.2	15955
NC_003277.2	15956
NC_003277.2	15959
NC_003277.2	15970
NC_003277.2	15973
NC_003277.2	15986
NC_003277.2	15989
NC_003277.2	15992
NC_003277.2	15998
NC_003277.2	16004
NC_003277.2	16035
NC_003277.2	16055
NC_003277.2	16056
NC_003277.2	16059
NC_003277.2	16060
NC_003277.2	16063
NC_003277.2	16066
NC_003277.2	16072
NC_003277.2	16075
NC_003277.2	16079
NC_003277.2	16083
NC_003277.2	16084
NC_003277.2	16090
NC_003277.2	16101
NC_003277.2	16102
NC_003277.2	16108
NC_003277.2	16111
NC_003277.2	16120
NC_003277.2	16126
NC_003277.2	16141
NC_003277.2	16149
NC_003277.2	16152
NC_003277.2	16155
NC_003277.2	16163
NC_003277.2	16164
NC_003277.2	16167
NC_003277.2	16169
NC_003277.2	16170
NC_003277.2	16171
NC_003277.2	16173
NC_003277.2	16213
NC_003277.2	16217
NC_003277.2	16230
NC_003277.2	16233
NC_003277.2	16245
NC_003277.2	16253
NC_003277.2	16257
NC_003277.2	16260
NC_003277.2	16263
NC_003277.2	16266
NC_003277.2	16272
NC_003277.2	16275
NC_003277.2	16280
NC_003277.2	16288
NC_003277.2	16293
NC_003277.2	16299
NC_003277.2	16305
NC_003277.2	16311
NC_003277.2	16317
NC_003277.2	16323
NC_003277.2	16329
NC_003277.2	16336
NC_003277.2	16340
NC_003277.2	16341
NC_003277.2	16347
NC_003277.2	16351
NC_003277.2	16359
NC_003277.2	16362
NC_003277.2	16370
NC_003277.2	16371
NC_003277.2	16378
NC_003277.2	16379
NC_003277.2	16384
NC_003277.2	16385
NC_003277.2	16387
NC_003277.2	16392
NC_003277.2	16394
NC_003277.2	16396
NC_003277.2	16397
NC_003277.2	16415
NC_003277.2	16418
NC_003277.2	16423
NC_003277.2	16425
NC_003277.2	16426
NC_003277.2	16431
NC_003277.2	16437
NC_003277.2	16440
NC_003277.2	16441
NC_003277.2	16444
NC_003277.2	16446
NC_003277.2	16448
NC_003277.2	16449
NC_003277.2	16450
NC_003277.2	16453
NC_003277.2	16454
NC_003277.2	16455
NC_003277.2	16459
NC_003277.2	16461
NC_003277.2	16462
NC_003277.2	16464
NC_003277.2	16465
NC_003277.2	16466
NC_003277.2	16468
NC_003277.2	16472
NC_003277.2	16473
NC_003277.2	16474
NC_003277.2	16477
NC_003277.2	16478
NC_003277.2	16488
NC_003277.2	16490
NC_003277.2	16491
NC_003277.2	16493
NC_003277.2	16496
NC_003277.2	16497
NC_003277.2	16498
NC_003277.2	16499
NC_003277.2	16508
NC_003277.2	16510
NC_003277.2	16512
NC_003277.2	16515
NC_003277.2	16518
NC_003277.2	16519
NC_003277.2	16520
NC_003277.2	16521
NC_003277.2	16523
NC_003277.2	16524
NC_003277.2	16528
NC_003277.2	16531
NC_003277.2	16533
NC_003277.2	16536
NC_003277.2	16537
NC_003277.2	16540
NC_003277.2	16543
NC_003277.2	16544
NC_003277.2	16551
NC_003277.2	16555
NC_003277.2	16566
NC_003277.2	16576
NC_003277.2	16577
NC_003277.2	16581
NC_003277.2	16582
NC_003277.2	16597
NC_003277.2	16599
NC_003277.2	16612
NC_003277.2	16617
NC_003277.2	16621
NC_003277.2	16629
NC_003277.2	16657
NC_003277.2	16669
NC_003277.2	16672
NC_003277.2	16687
NC_003277.2	16693
NC_003277.2	16696
NC_003277.2	16705
NC_003277.2	16708
NC_003277.2	16726
NC_003277.2	16729
NC_003277.2	16730
NC_003277.2	16732
NC_003277.2	16737
NC_003277.2	16738
NC_003277.2	16740
NC_003277.2	16747
NC_003277.2	16749
NC_003277.2	16753
NC_003277.2	16756
NC_003277.2	16760
NC_003277.2	16761
NC_003277.2	16773
NC_003277.2	16774
NC_003277.2	16779
NC_003277.2	16780
NC_003277.2	16787
NC_003277.2	16788
NC_003277.2	16792
NC_003277.2	16795
NC_003277.2	16807
NC_003277.2	16822
NC_003277.2	16828
NC_003277.2	16840
NC_003277.2	16849
NC_003277.2	16855
NC_003277.2	16864
NC_003277.2	16867
NC_003277.2	16879
NC_003277.2	16882
NC_003277.2	16885
NC_003277.2	16888
NC_003277.2	16903
NC_003277.2	16906
NC_003277.2	16909
NC_003277.2	16915
NC_003277.2	16918
NC_003277.2	16924
NC_003277.2	16927
NC_003277.2	16930
NC_003277.2	16933
NC_003277.2	16936
NC_003277.2	16939
NC_003277.2	16942
NC_003277.2	16951
NC_003277.2	16960
NC_003277.2	16972
NC_003277.2	16978
NC_003277.2	16993
NC_003277.2	16996
NC_003277.2	16999
NC_003277.2	17005
NC_003277.2	17017
NC_003277.2	17032
NC_003277.2	17035
NC_003277.2	17041
NC_003277.2	17047
NC_003277.2	17050
NC_003277.2	17053
NC_003277.2	17056
NC_003277.2	17059
NC_003277.2	17061
NC_003277.2	17074
NC_003277.2	17083
NC_003277.2	17089
NC_003277.2	17095
NC_003277.2	17098
NC_003277.2	17101
NC_003277.2	17103
NC_003277.2	17110
NC_003277.2	17116
NC_003277.2	17117
NC_003277.2	17118
NC_003277.2	17122
NC_003277.2	17128
NC_003277.2	17134
NC_003277.2	17137
NC_003277.2	17152
NC_003277.2	17155
NC_003277.2	17161
NC_003277.2	17164
NC_003277.2	17165
NC_003277.2	17166
NC_003277.2	17182
NC_003277.2	17185
NC_003277.2	17203
NC_003277.2	17209
NC_003277.2	17212
NC_003277.2	17215
NC_003277.2	17221
NC_003277.2	17224
NC_003277.2	17230
NC_003277.2	17236
NC_003277.2	17239
NC_003277.2	17242
NC_003277.2	17245
NC_003277.2	17249
NC_003277.2	17251
NC_003277.2	17263
NC_003277.2	17266
NC_003277.2	17269
NC_003277.2	17272
NC_003277.2	17275
NC_003277.2	17281
NC_003277.2	17287
NC_003277.2	17290
NC_003277.2	17293
NC_003277.2	17296
NC_003277.2	17302
NC_003277.2	17304
NC_003277.2	17308
NC_003277.2	17317
NC_003277.2	17320
NC_003277.2	17326
NC_003277.2	17329
NC_003277.2	17335
NC_003277.2	17353
NC_003277.2	17355
NC_003277.2	17359
NC_003277.2	17374
NC_003277.2	17377
NC_003277.2	17392
NC_003277.2	17398
NC_003277.2	17401
NC_003277.2	17410
NC_003277.2	17413
NC_003277.2	17419
NC_003277.2	17422
NC_003277.2	17425
NC_003277.2	17428
NC_003277.2	17431
NC_003277.2	17433
NC_003277.2	17437
NC_003277.2	17443
NC_003277.2	17463
NC_003277.2	17464
NC_003277.2	17470
NC_003277.2	17473
NC_003277.2	17476
NC_003277.2	17479
NC_003277.2	17482
NC_003277.2	17485
NC_003277.2	17488
NC_003277.2	17496
NC_003277.2	17500
NC_003277.2	17515
NC_003277.2	17518
NC_003277.2	17521
NC_003277.2	17527
NC_003277.2	17530
NC_003277.2	17533
NC_003277.2	17536
NC_003277.2	17545
NC_003277.2	17548
NC_003277.2	17554
NC_003277.2	17557
NC_003277.2	17563
NC_003277.2	17567
NC_003277.2	17570
NC_003277.2	17572
NC_003277.2	17575
NC_003277.2	17578
NC_003277.2	17581
NC_003277.2	17584
NC_003277.2	17585
NC_003277.2	17587
NC_003277.2	17590
NC_003277.2	17592
NC_003277.2	17593
NC_003277.2	17602
NC_003277.2	17605
NC_003277.2	17617
NC_003277.2	17618
NC_003277.2	17620
NC_003277.2	17625
NC_003277.2	17626
NC_003277.2	17632
NC_003277.2	17638
NC_003277.2	17639
NC_003277.2	17640
NC_003277.2	17644
NC_003277.2	17647
NC_003277.2	17650
NC_003277.2	17657
NC_003277.2	17658
NC_003277.2	17665
NC_003277.2	17666
NC_003277.2	17667
NC_003277.2	17669
NC_003277.2	17675
NC_003277.2	17679
NC_003277.2	17680
NC_003277.2	21543
NC_003277.2	21546
NC_003277.2	21549
NC_003277.2	21555
NC_003277.2	21558
NC_003277.2	21568
NC_003277.2	21571
NC_003277.2	21572
NC_003277.2	21576
NC_003277.2	21582
NC_003277.2	21584
NC_003277.2	21585
NC_003277.2	21588
NC_003277.2	21598
NC_003277.2	21603
NC_003277.2	21615
NC_003277.2	21630
NC_003277.2	21633
NC_003277.2	21636
NC_003277.2	21645
NC_003277.2	21650
NC_003277.2	21651
NC_003277.2	21655
NC_003277.2	21666
NC_003277.2	21669
NC_003277.2	21675
NC_003277.2	21678
NC_003277.2	21687
NC_003277.2	21690
NC_003277.2	21696
NC_003277.2	21705
NC_003277.2	21711
NC_003277.2	21720
NC_003277.2	21726
NC_003277.2	21732
NC_003277.2	21735
NC_003277.2	21738
NC_003277.2	21747
NC_003277.2	21750
NC_003277.2	21762
NC_003277.2	21765
NC_003277.2	21771
NC_003277.2	21775
NC_003277.2	21777
NC_003277.2	21783
NC_003277.2	21787
NC_003277.2	21801
NC_003277.2	21810
NC_003277.2	21813
NC_003277.2	21819
NC_003277.2	21823
NC_003277.2	21824
NC_003277.2	21825
NC_003277.2	21828
NC_003277.2	21837
NC_003277.2	21840
NC_003277.2	21843
NC_003277.2	21846
NC_003277.2	21851
NC_003277.2	21852
NC_003277.2	21855
NC_003277.2	21858
NC_003277.2	21865
NC_003277.2	21900
NC_003277.2	21909
NC_003277.2	21910
NC_003277.2	21912
NC_003277.2	21917
NC_003277.2	21921
NC_003277.2	21927
NC_003277.2	21932
NC_003277.2	21936
NC_003277.2	21946
NC_003277.2	21966
NC_003277.2	21969
NC_003277.2	21972
NC_003277.2	21975
NC_003277.2	21982
NC_003277.2	21984
NC_003277.2	21985
NC_003277.2	21986
NC_003277.2	21987
NC_003277.2	21990
NC_003277.2	21993
NC_003277.2	21996
NC_003277.2	22005
NC_003277.2	22011
NC_003277.2	22016
NC_003277.2	22029
NC_003277.2	22032
NC_003277.2	22038
NC_003277.2	22041
NC_003277.2	22044
NC_003277.2	22050
NC_003277.2	22059
NC_003277.2	22065
NC_003277.2	22074
NC_003277.2	22083
NC_003277.2	22086
NC_003277.2	22089
NC_003277.2	22092
NC_003277.2	22122
NC_003277.2	22128
NC_003277.2	22132
NC_003277.2	22134
NC_003277.2	22137
NC_003277.2	22143
NC_003277.2	22146
NC_003277.2	22158
NC_003277.2	22170
NC_003277.2	22176
NC_003277.2	22179
NC_003277.2	22185
NC_003277.2	22201
NC_003277.2	22202
NC_003277.2	49154
NC_003277.2	49155
NC_003277.2	49156
NC_003277.2	49169
NC_003277.2	49171
NC_003277.2	49177
NC_003277.2	49181
NC_003277.2	49183
NC_003277.2	49193
NC_003277.2	49196
NC_003277.2	49216
NC_003277.2	49229
NC_003277.2	49247
NC_003277.2	49252
NC_003277.2	49260
NC_003277.2	49262
NC_003277.2	49264
NC_003277.2	49268
NC_003277.2	49270
NC_003277.2	49272
NC_003277.2	49273
NC_003277.2	49275
NC_003277.2	49276
NC_003277.2	49278
NC_003277.2	49280
NC_003277.2	49282
NC_003277.2	49287
NC_003277.2	49289
NC_003277.2	49291
NC_003277.2	49292
NC_003277.2	49335
NC_003277.2	49336
NC_003277.2	49340
NC_003277.2	49344
NC_003277.2	49346
NC_003277.2	49347
NC_003277.2	49348
NC_003277.2	49349
NC_003277.2	49351
NC_003277.2	49357
NC_003277.2	49365
NC_003277.2	49432
NC_003277.2	49433
NC_003277.2	49441
NC_003277.2	49442
NC_003277.2	49457
NC_003277.2	49458
NC_003277.2	49465
NC_003277.2	49466
NC_003277.2	49468
NC_003277.2	49474
NC_003277.2	49476
NC_003277.2	49478
NC_003277.2	49491
NC_003277.2	49492
NC_003277.2	49497
NC_003277.2	49500
NC_003277.2	49506
NC_003277.2	49507
NC_003277.2	49513
NC_003277.2	49519
NC_003277.2	49521
NC_003277.2	49522
NC_003277.2	49524
NC_003277.2	49525
NC_003277.2	49527
NC_003277.2	49530
NC_003277.2	49533
NC_003277.2	49534
NC_003277.2	49535
NC_003277.2	49540
NC_003277.2	49542
NC_003277.2	49551
NC_003277.2	49552
NC_003277.2	49554
NC_003277.2	49557
NC_003277.2	49566
NC_003277.2	49569
NC_003277.2	49572
NC_003277.2	49578
NC_003277.2	49581
NC_003277.2	49596
NC_003277.2	49601
NC_003277.2	49602
NC_003277.2	49605
NC_003277.2	49611
NC_003277.2	49614
NC_003277.2	49616
NC_003277.2	49623
NC_003277.2	49626
NC_003277.2	49638
NC_003277.2	49647
NC_003277.2	49648
NC_003277.2	49650
NC_003277.2	49674
NC_003277.2	49681
NC_003277.2	49686
NC_003277.2	49689
NC_003277.2	49710
NC_003277.2	49713
NC_003277.2	49716
NC_003277.2	49719
NC_003277.2	49725
NC_003277.2	49736
NC_003277.2	49740
NC_003277.2	49743
NC_003277.2	49752
NC_003277.2	49755
NC_003277.2	49758
NC_003277.2	49767
NC_003277.2	49783
NC_003277.2	49785
NC_003277.2	49788
NC_003277.2	49791
NC_003277.2	49792
NC_003277.2	49797
NC_003277.2	49803
NC_003277.2	49809
NC_003277.2	49815
NC_003277.2	49824
NC_003277.2	49828
NC_003277.2	49830
NC_003277.2	49836
NC_003277.2	49848
NC_003277.2	49849
NC_003277.2	49850
NC_003277.2	49851
NC_003277.2	49860
NC_003277.2	49875
NC_003277.2	49878
NC_003277.2	49881
NC_003277.2	49890
NC_003277.2	49896
NC_003277.2	49905
NC_003277.2	49908
NC_003277.2	49954
NC_003277.2	49955
NC_003277.2	49956
NC_003277.2	49966
NC_003277.2	49974
NC_003277.2	49980
NC_003277.2	49983
NC_003277.2	49995
NC_003277.2	49999
NC_003277.2	50000
NC_003277.2	50003
NC_003277.2	50007
NC_003277.2	50016
NC_003277.2	50022
NC_003277.2	50023
NC_003277.2	50025
NC_003277.2	50029
NC_003277.2	50031
NC_003277.2	50034
NC_003277.2	50038
NC_003277.2	50040
NC_003277.2	50059
NC_003277.2	50061
NC_003277.2	50070
NC_003277.2	50074
NC_003277.2	50075
NC_003277.2	50076
NC_003277.2	50083
NC_003277.2	50084
NC_003277.2	50085
NC_003277.2	50086
NC_003277.2	50088
NC_003277.2	50094
NC_003277.2	50095
NC_003277.2	50097
NC_003277.2	50103
NC_003277.2	50106
NC_003277.2	50109
NC_003277.2	50118
NC_003277.2	50120
NC_003277.2	50121
NC_003277.2	50122
NC_003277.2	50123
NC_003277.2	50130
NC_003277.2	50133
NC_003277.2	50136
NC_003277.2	50138
NC_003277.2	50154
NC_003277.2	50169
NC_003277.2	50186
NC_003277.2	50192
NC_003277.2	50195
NC_003277.2	50203
NC_003277.2	50205
NC_003277.2	50215
NC_003277.2	50222
NC_003277.2	50228
NC_003277.2	50231
NC_003277.2	50236
NC_003277.2	50237
NC_003277.2	51826
NC_003277.2	51835
NC_003277.2	51836
NC_003277.2	51849
NC_003277.2	51861
NC_003277.2	51867
NC_003277.2	51870
NC_003277.2	51872
NC_003277.2	51874
NC_003277.2	51888
NC_003277.2	51891
NC_003277.2	51893
NC_003277.2	51897
NC_003277.2	51898
NC_003277.2	51900
NC_003277.2	51905
NC_003277.2	51929
NC_003277.2	51936
NC_003277.2	51940
NC_003277.2	51948
NC_003277.2	51952
NC_003277.2	51956
NC_003277.2	51965
NC_003277.2	51966
NC_003277.2	51967
NC_003277.2	51975
NC_003277.2	51991
NC_003277.2	51998
NC_003277.2	52003
NC_003277.2	52008
NC_003277.2	52012
NC_003277.2	52025
NC_003277.2	52026
NC_003277.2	52030
NC_003277.2	52035
NC_003277.2	52040
NC_003277.2	52053
NC_003277.2	52056
NC_003277.2	52065
NC_003277.2	52066
NC_003277.2	52072
NC_003277.2	52101
NC_003277.2	52109
NC_003277.2	52112
NC_003277.2	52113
NC_003277.2	52116
NC_003277.2	52124
NC_003277.2	52127
NC_003277.2	52128
NC_003277.2	52135
NC_003277.2	52169
NC_003277.2	52170
NC_003277.2	52181
NC_003277.2	52183
NC_003277.2	52184
NC_003277.2	52187
NC_003277.2	52188
NC_003277.2	52191
NC_003277.2	52197
NC_003277.2	52198
NC_003277.2	52200
NC_003277.2	52203
NC_003277.2	52204
NC_003277.2	52208
NC_003277.2	52210
NC_003277.2	52215
NC_003277.2	52217
NC_003277.2	52220
NC_003277.2	52229
NC_003277.2	52231
NC_003277.2	52238
NC_003277.2	52241
NC_003277.2	52244
NC_003277.2	52247
NC_003277.2	52256
NC_003277.2	52257
NC_003277.2	52262
NC_003277.2	52279
NC_003277.2	52283
NC_003277.2	52285
NC_003277.2	52289
NC_003277.2	52290
NC_003277.2	52293
NC_003277.2	52295
NC_003277.2	52298
NC_003277.2	52301
NC_003277.2	52322
NC_003277.2	52328
NC_003277.2	52329
NC_003277.2	52331
NC_003277.2	52334
NC_003277.2	52337
NC_003277.2	52346
NC_003277.2	52349
NC_003277.2	52355
NC_003277.2	52358
NC_003277.2	52364
NC_003277.2	52367
NC_003277.2	52373
NC_003277.2	52385
NC_003277.2	52388
NC_003277.2	52389
NC_003277.2	52394
NC_003277.2	52397
NC_003277.2	52398
NC_003277.2	52400
NC_003277.2	52407
NC_003277.2	52409
NC_003277.2	52417
NC_003277.2	52430
NC_003277.2	52439
NC_003277.2	52442
NC_003277.2	52445
NC_003277.2	52448
NC_003277.2	52451
NC_003277.2	52454
NC_003277.2	52457
NC_003277.2	52460
NC_003277.2	52463
NC_003277.2	52469
NC_003277.2	52472
NC_003277.2	52475
NC_003277.2	52477
NC_003277.2	52478
NC_003277.2	52497
NC_003277.2	52498
NC_003277.2	52500
NC_003277.2	52502
NC_003277.2	52509
NC_003277.2	52514
NC_003277.2	52515
NC_003277.2	52517
NC_003277.2	52520
NC_003277.2	52522
NC_003277.2	52523
NC_003277.2	52526
NC_003277.2	52529
NC_003277.2	52531
NC_003277.2	52532
NC_003277.2	52535
NC_003277.2	52538
NC_003277.2	52539
NC_003277.2	52540
NC_003277.2	52542
NC_003277.2	52547
NC_003277.2	52551
NC_003277.2	52553
NC_003277.2	52557
NC_003277.2	52559
NC_003277.2	52563
NC_003277.2	52564
NC_003277.2	52583
NC_003277.2	52595
NC_003277.2	52604
NC_003277.2	52607
NC_003277.2	52610
NC_003277.2	52622
NC_003277.2	52634
NC_003277.2	53932
NC_003277.2	53948
NC_003277.2	53953
NC_003277.2	53956
NC_003277.2	53957
NC_003277.2	53960
NC_003277.2	53969
NC_003277.2	53970
NC_003277.2	53979
NC_003277.2	53980
NC_003277.2	53981
NC_003277.2	53982
NC_003277.2	53983
NC_003277.2	53986
NC_003277.2	53994
NC_003277.2	53995
NC_003277.2	53999
NC_003277.2	54001
NC_003277.2	54008
NC_003277.2	54016
NC_003277.2	54032
NC_003277.2	54033
NC_003277.2	54034
NC_003277.2	54042
NC_003277.2	54045
NC_003277.2	54059
NC_003277.2	54065
NC_003277.2	54067
NC_003277.2	54069
NC_003277.2	54070
NC_003277.2	54071
NC_003277.2	54072
NC_003277.2	54074
NC_003277.2	54075
NC_003277.2	54076
NC_003277.2	54078
NC_003277.2	54085
NC_003277.2	54086
NC_003277.2	54087
NC_003277.2	54091
NC_003277.2	54094
NC_003277.2	54096
NC_003277.2	54099
NC_003277.2	54116
NC_003277.2	54117
NC_003277.2	54119
NC_003277.2	54132
NC_003277.2	54133
NC_003277.2	54142
NC_003277.2	54144
NC_003277.2	54150
NC_003277.2	54160
NC_003277.2	54164
NC_003277.2	54168
NC_003277.2	54174
NC_003277.2	54180
NC_003277.2	54183
NC_003277.2	54184
NC_003277.2	54186
NC_003277.2	54189
NC_003277.2	54190
NC_003277.2	54192
NC_003277.2	54195
NC_003277.2	54201
NC_003277.2	54209
NC_003277.2	54217
NC_003277.2	54224
NC_003277.2	54225
NC_003277.2	54227
NC_003277.2	54228
NC_003277.2	54231
NC_003277.2	54233
NC_003277.2	54252
NC_003277.2	54272
NC_003277.2	54273
NC_003277.2	54279
NC_003277.2	54281
NC_003277.2	54282
NC_003277.2	54284
NC_003277.2	54289
NC_003277.2	54290
NC_003277.2	54297
NC_003277.2	54299
NC_003277.2	54301
NC_003277.2	54302
NC_003277.2	54303
NC_003277.2	54310
NC_003277.2	54316
NC_003277.2	54348
NC_003277.2	54349
NC_003277.2	54351
NC_003277.2	54357
NC_003277.2	54359
NC_003277.2	54364
NC_003277.2	54365
NC_003277.2	54368
NC_003277.2	54375
NC_003277.2	54377
NC_003277.2	54381
NC_003277.2	54388
NC_003277.2	54389
NC_003277.2	54390
NC_003277.2	54391
NC_003277.2	54402
NC_003277.2	54403
NC_003277.2	54410
NC_003277.2	54412
NC_003277.2	54418
NC_003277.2	54421
NC_003277.2	54427
NC_003277.2	54430
NC_003277.2	54433
NC_003277.2	54435
NC_003277.2	54436
NC_003277.2	54437
NC_003277.2	54439
NC_003277.2	54442
NC_003277.2	54443
NC_003277.2	54445
NC_003277.2	54448
NC_003277.2	54457
NC_003277.2	54466
NC_003277.2	54481
NC_003277.2	54490
NC_003277.2	54493
NC_003277.2	54494
NC_003277.2	54495
NC_003277.2	54496
NC_003277.2	54497
NC_003277.2	54499
NC_003277.2	54505
NC_003277.2	54513
NC_003277.2	54514
NC_003277.2	54522
NC_003277.2	54525
NC_003277.2	54526
NC_003277.2	54544
NC_003277.2	54547
NC_003277.2	54550
NC_003277.2	54553
NC_003277.2	54562
NC_003277.2	54568
NC_003277.2	54571
NC_003277.2	54572
NC_003277.2	54577
NC_003277.2	54589
NC_003277.2	54593
NC_003277.2	54595
NC_003277.2	54598
NC_003277.2	54599
NC_003277.2	54613
NC_003277.2	54616
NC_003277.2	54619
NC_003277.2	54622
NC_003277.2	54637
NC_003277.2	54640
NC_003277.2	54644
NC_003277.2	54646
NC_003277.2	54655
NC_003277.2	54657
NC_003277.2	54658
NC_003277.2	54662
NC_003277.2	54663
NC_003277.2	54664
NC_003277.2	54668
NC_003277.2	54679
NC_003277.2	54680
NC_003277.2	54681
NC_003277.2	54683
NC_003277.2	54684
NC_003277.2	54685
NC_003277.2	54689
NC_003277.2	54690
NC_003277.2	54698
NC_003277.2	54700
NC_003277.2	54701
NC_003277.2	54703
NC_003277.2	54710
NC_003277.2	54711
NC_003277.2	54712
NC_003277.2	54733
NC_003277.2	54736
NC_003277.2	54741
NC_003277.2	54744
NC_003277.2	54745
NC_003277.2	54746
NC_003277.2	54752
NC_003277.2	54754
NC_003277.2	54759
NC_003277.2	54762
NC_003277.2	54764
NC_003277.2	54765
NC_003277.2	54766
NC_003277.2	54771
NC_003277.2	54772
NC_003277.2	54773
NC_003277.2	54776
NC_003277.2	54777
NC_003277.2	54779
NC_003277.2	54781
NC_003277.2	54782
NC_003277.2	54788
NC_003277.2	54793
NC_003277.2	54794
NC_003277.2	54795
NC_003277.2	54800
NC_003277.2	54801
NC_003277.2	54817
NC_003277.2	54819
NC_003277.2	54823
NC_003277.2	54825
NC_003277.2	54827
NC_003277.2	54829
NC_003277.2	54837
NC_003277.2	54838
NC_003277.2	54839
NC_003277.2	54843
NC_003277.2	54847
NC_003277.2	54851
NC_003277.2	54855
NC_003277.2	54860
NC_003277.2	54867
NC_003277.2	54869
NC_003277.2	54870
NC_003277.2	54882
NC_003277.2	54884
NC_003277.2	54885
NC_003277.2	54904
NC_003277.2	54907
NC_003277.2	54910
NC_003277.2	54915
NC_003277.2	54918
NC_003277.2	54919
NC_003277.2	54920
NC_003277.2	54921
NC_003277.2	54923
NC_003277.2	54925
NC_003277.2	54927
NC_003277.2	54930
NC_003277.2	54931
NC_003277.2	54932
NC_003277.2	54933
NC_003277.2	54944
NC_003277.2	54951
NC_003277.2	54957
NC_003277.2	54964
NC_003277.2	54966
NC_003277.2	54972
NC_003277.2	54975
NC_003277.2	54976
NC_003277.2	54977
NC_003277.2	54979
NC_003277.2	54983
NC_003277.2	54985
NC_003277.2	54988
NC_003277.2	54989
NC_003277.2	54990
NC_003277.2	54994
NC_003277.2	54995
NC_003277.2	54997
NC_003277.2	54998
NC_003277.2	54999
NC_003277.2	55000
NC_003277.2	55009
NC_003277.2	55012
NC_003277.2	55013
NC_003277.2	55015
NC_003277.2	55018
NC_003277.2	55023
NC_003277.2	55025
NC_003277.2	55030
NC_003277.2	55039
NC_003277.2	55042
NC_003277.2	55045
NC_003277.2	55054
NC_003277.2	55056
NC_003277.2	55060
NC_003277.2	55064
NC_003277.2	55065
NC_003277.2	55066
NC_003277.2	55069
NC_003277.2	55072
NC_003277.2	55075
NC_003277.2	55078
NC_003277.2	55083
NC_003277.2	55087
NC_003277.2	55090
NC_003277.2	55091
NC_003277.2	55097
NC_003277.2	55105
NC_003277.2	55111
NC_003277.2	55112
NC_003277.2	55117
NC_003277.2	55119
NC_003277.2	55123
NC_003277.2	55132
NC_003277.2	55133
NC_003277.2	55134
NC_003277.2	55149
NC_003277.2	55153
NC_003277.2	55155
NC_003277.2	55158
NC_003277.2	55166
NC_003277.2	55168
NC_003277.2	55174
NC_003277.2	55182
NC_003277.2	55183
NC_003277.2	55185
NC_003277.2	55186
NC_003277.2	55187
NC_003277.2	55188
NC_003277.2	55192
NC_003277.2	55195
NC_003277.2	55197
NC_003277.2	55201
NC_003277.2	55213
NC_003277.2	55234
NC_003277.2	55251
NC_003277.2	55254
NC_003277.2	55255
NC_003277.2	55257
NC_003277.2	55258
NC_003277.2	55263
NC_003277.2	55264
NC_003277.2	55271
NC_003277.2	55290
NC_003277.2	55291
NC_003277.2	55293
NC_003277.2	55299
NC_003277.2	55301
NC_003277.2	55306
NC_003277.2	55307
NC_003277.2	55308
NC_003277.2	55310
NC_003277.2	55314
NC_003277.2	55318
NC_003277.2	55329
NC_003277.2	55353
NC_003277.2	55359
NC_003277.2	55362
NC_003277.2	55363
NC_003277.2	55371
NC_003277.2	55372
NC_003277.2	55381
NC_003277.2	55386
NC_003277.2	55388
NC_003277.2	55389
NC_003277.2	55393
NC_003277.2	55394
NC_003277.2	55395
NC_003277.2	55396
NC_003277.2	55397
NC_003277.2	55401
NC_003277.2	55408
NC_003277.2	55411
NC_003277.2	55413
NC_003277.2	55417
NC_003277.2	55419
NC_003277.2	55422
NC_003277.2	55425
NC_003277.2	55430
NC_003277.2	55434
NC_003277.2	55440
NC_003277.2	55442
NC_003277.2	55443
NC_003277.2	55455
NC_003277.2	55456
NC_003277.2	55458
NC_003277.2	55462
NC_003277.2	55463
NC_003277.2	55468
NC_003277.2	55479
NC_003277.2	55482
NC_003277.2	55485
NC_003277.2	55491
NC_003277.2	55494
NC_003277.2	55495
NC_003277.2	55497
NC_003277.2	55500
NC_003277.2	55506
NC_003277.2	55524
NC_003277.2	55530
NC_003277.2	55533
NC_003277.2	55535
NC_003277.2	55536
NC_003277.2	55538
NC_003277.2	55541
NC_003277.2	55542
NC_003277.2	55551
NC_003277.2	55557
NC_003277.2	55569
NC_003277.2	55575
NC_003277.2	55578
NC_003277.2	55579
NC_003277.2	55581
NC_003277.2	55584
NC_003277.2	55585
NC_003277.2	55588
NC_003277.2	55596
NC_003277.2	55600
NC_003277.2	55601
NC_003277.2	55604
NC_003277.2	55605
NC_003277.2	55610
NC_003277.2	55611
NC_003277.2	55639
NC_003277.2	55641
NC_003277.2	55645
NC_003277.2	55647
NC_003277.2	55648
NC_003277.2	55650
NC_003277.2	55659
NC_003277.2	55665
NC_003277.2	55669
NC_003277.2	55674
NC_003277.2	55677
NC_003277.2	55683
NC_003277.2	55686
NC_003277.2	55688
NC_003277.2	55691
NC_003277.2	55695
NC_003277.2	55713
NC_003277.2	55719
NC_003277.2	55731
NC_003277.2	55752
NC_003277.2	55761
NC_003277.2	55763
NC_003277.2	55764
NC_003277.2	55767
NC_003277.2	55771
NC_003277.2	55785
NC_003277.2	55791
NC_003277.2	55797
NC_003277.2	55803
NC_003277.2	55815
NC_003277.2	55818
NC_003277.2	55820
NC_003277.2	55821
NC_003277.2	55824
NC_003277.2	55827
NC_003277.2	55830
NC_003277.2	55833
NC_003277.2	55839
NC_003277.2	55842
NC_003277.2	55851
NC_003277.2	55853
NC_003277.2	55854
NC_003277.2	55858
NC_003277.2	55859
NC_003277.2	55860
NC_003277.2	55869
NC_003277.2	55897
NC_003277.2	55900
NC_003277.2	55902
NC_003277.2	55903
NC_003277.2	55907
NC_003277.2	55908
NC_003277.2	55925
NC_003277.2	55926
NC_003277.2	55929
NC_003277.2	55932
NC_003277.2	55935
NC_003277.2	55940
NC_003277.2	55943
NC_003277.2	55947
NC_003277.2	55951
NC_003277.2	55952
NC_003277.2	55954
NC_003277.2	55955
NC_003277.2	55968
NC_003277.2	55970
NC_003277.2	55971
NC_003277.2	55972
NC_003277.2	55973
NC_003277.2	55974
NC_003277.2	55977
NC_003277.2	55981
NC_003277.2	55982
NC_003277.2	55984
NC_003277.2	55987
NC_003277.2	55989
NC_003277.2	55995
NC_003277.2	55999
NC_003277.2	56001
NC_003277.2	56004
NC_003277.2	56005
NC_003277.2	56007
NC_003277.2	56008
NC_003277.2	56009
NC_003277.2	56010
NC_003277.2	56011
NC_003277.2	56012
NC_003277.2	56013
NC_003277.2	56014
NC_003277.2	56015
NC_003277.2	56016
NC_003277.2	56022
NC_003277.2	56029
NC_003277.2	56034
NC_003277.2	56037
NC_003277.2	56040
NC_003277.2	56042
NC_003277.2	56043
NC_003277.2	56044
NC_003277.2	56046
NC_003277.2	56049
NC_003277.2	56054
NC_003277.2	56057
NC_003277.2	56061
NC_003277.2	56065
NC_003277.2	56067
NC_003277.2	56071
NC_003277.2	56073
NC_003277.2	56076
NC_003277.2	56077
NC_003277.2	56091
NC_003277.2	56092
NC_003277.2	56097
NC_003277.2	56100
NC_003277.2	56102
NC_003277.2	56110
NC_003277.2	56111
NC_003277.2	56112
NC_003277.2	56113
NC_003277.2	56121
NC_003277.2	56125
NC_003277.2	56127
NC_003277.2	56145
NC_003277.2	56149
NC_003277.2	56150
NC_003277.2	56151
NC_003277.2	56154
NC_003277.2	56157
NC_003277.2	56162
NC_003277.2	56166
NC_003277.2	56167
NC_003277.2	56168
NC_003277.2	56169
NC_003277.2	56172
NC_003277.2	56178
NC_003277.2	56186
NC_003277.2	56196
NC_003277.2	56202
NC_003277.2	56217
NC_003277.2	56220
NC_003277.2	56221
NC_003277.2	56233
NC_003277.2	56237
NC_003277.2	56239
NC_003277.2	56240
NC_003277.2	56241
NC_003277.2	56247
NC_003277.2	56248
NC_003277.2	56249
NC_003277.2	56252
NC_003277.2	56254
NC_003277.2	56255
NC_003277.2	56256
NC_003277.2	56262
NC_003277.2	56265
NC_003277.2	56271
NC_003277.2	56272
NC_003277.2	56273
NC_003277.2	56274
NC_003277.2	56277
NC_003277.2	56281
NC_003277.2	56282
NC_003277.2	56287
NC_003277.2	56289
NC_003277.2	56290
NC_003277.2	56292
NC_003277.2	56295
NC_003277.2	56299
NC_003277.2	56304
NC_003277.2	56305
NC_003277.2	56308
NC_003277.2	56309
NC_003277.2	56312
NC_003277.2	56315
NC_003277.2	56316
NC_003277.2	56334
NC_003277.2	56336
NC_003277.2	56338
NC_003277.2	56340
NC_003277.2	56343
NC_003277.2	56347
NC_003277.2	56349
NC_003277.2	56353
NC_003277.2	56354
NC_003277.2	56356
NC_003277.2	56361
NC_003277.2	56362
NC_003277.2	56367
NC_003277.2	56370
NC_003277.2	56373
NC_003277.2	56381
NC_003277.2	56388
NC_003277.2	56395
NC_003277.2	56398
NC_003277.2	56400
NC_003277.2	56403
NC_003277.2	56411
NC_003277.2	56415
NC_003277.2	56421
NC_003277.2	56433
NC_003277.2	56445
NC_003277.2	56452
NC_003277.2	56454
NC_003277.2	56463
NC_003277.2	56475
NC_003277.2	56478
NC_003277.2	56484
NC_003277.2	56494
NC_003277.2	56497
NC_003277.2	56502
NC_003277.2	56508
NC_003277.2	56510
NC_003277.2	56514
NC_003277.2	56517
NC_003277.2	56520
NC_003277.2	56526
NC_003277.2	56528
NC_003277.2	56531
NC_003277.2	56533
NC_003277.2	56535
NC_003277.2	56536
NC_003277.2	56541
NC_003277.2	56559
NC_003277.2	56569
NC_003277.2	56571
NC_003277.2	56574
NC_003277.2	56583
NC_003277.2	56585
NC_003277.2	56591
NC_003277.2	56592
NC_003277.2	56593
NC_003277.2	56598
NC_003277.2	56601
NC_003277.2	56604
NC_003277.2	56605
NC_003277.2	56608
NC_003277.2	56610
NC_003277.2	56619
NC_003277.2	56634
NC_003277.2	56640
NC_003277.2	56650
NC_003277.2	56652
NC_003277.2	56655
NC_003277.2	56670
NC_003277.2	56673
NC_003277.2	56679
NC_003277.2	56685
NC_003277.2	56686
NC_003277.2	56694
NC_003277.2	56704
NC_003277.2	56709
NC_003277.2	56712
NC_003277.2	56725
NC_003277.2	56727
NC_003277.2	56733
NC_003277.2	56739
NC_003277.2	56742
NC_003277.2	56748
NC_003277.2	56750
NC_003277.2	56751
NC_003277.2	56760
NC_003277.2	56761
NC_003277.2	56763
NC_003277.2	56766
NC_003277.2	56767
NC_003277.2	56770
NC_003277.2	56771
NC_003277.2	56772
NC_003277.2	56777
NC_003277.2	56778
NC_003277.2	56781
NC_003277.2	56784
NC_003277.2	56785
NC_003277.2	56788
NC_003277.2	56795
NC_003277.2	56816
NC_003277.2	56817
NC_003277.2	56818
NC_003277.2	56820
NC_003277.2	56821
NC_003277.2	56824
NC_003277.2	56835
NC_003277.2	56839
NC_003277.2	56843
NC_003277.2	56848
NC_003277.2	56850
NC_003277.2	56853
NC_003277.2	56856
NC_003277.2	56860
NC_003277.2	56865
NC_003277.2	56871
NC_003277.2	56873
NC_003277.2	56877
NC_003277.2	56879
NC_003277.2	56880
NC_003277.2	56885
NC_003277.2	56887
NC_003277.2	56916
NC_003277.2	56920
NC_003277.2	56926
NC_003277.2	56928
NC_003277.2	56933
NC_003277.2	56934
NC_003277.2	56937
NC_003277.2	56939
NC_003277.2	56940
NC_003277.2	56941
NC_003277.2	56942
NC_003277.2	56943
NC_003277.2	56946
NC_003277.2	56947
NC_003277.2	56948
NC_003277.2	56952
NC_003277.2	56953
NC_003277.2	56955
NC_003277.2	56967
NC_003277.2	56970
NC_003277.2	56972
NC_003277.2	56979
NC_003277.2	56981
NC_003277.2	56985
NC_003277.2	56986
NC_003277.2	56990
NC_003277.2	56994
NC_003277.2	56997
NC_003277.2	56998
NC_003277.2	57015
NC_003277.2	57021
NC_003277.2	57024
NC_003277.2	57027
NC_003277.2	57028
NC_003277.2	57030
NC_003277.2	57039
NC_003277.2	57040
NC_003277.2	57041
NC_003277.2	57045
NC_003277.2	57051
NC_003277.2	57057
NC_003277.2	57060
NC_003277.2	57066
NC_003277.2	57069
NC_003277.2	57081
NC_003277.2	57088
NC_003277.2	57090
NC_003277.2	57093
NC_003277.2	57096
NC_003277.2	57099
NC_003277.2	57108
NC_003277.2	57123
NC_003277.2	57140
NC_003277.2	57141
NC_003277.2	57148
NC_003277.2	57151
NC_003277.2	57153
NC_003277.2	57157
NC_003277.2	57158
NC_003277.2	57159
NC_003277.2	57168
NC_003277.2	57179
NC_003277.2	57187
NC_003277.2	57189
NC_003277.2	57192
NC_003277.2	57195
NC_003277.2	57196
NC_003277.2	57199
NC_003277.2	57202
NC_003277.2	57212
NC_003277.2	57219
NC_003277.2	57225
NC_003277.2	57232
NC_003277.2	57243
NC_003277.2	57245
NC_003277.2	57248
NC_003277.2	57250
NC_003277.2	57270
NC_003277.2	57285
NC_003277.2	57292
NC_003277.2	57293
NC_003277.2	57314
NC_003277.2	57316
NC_003277.2	57324
NC_003277.2	57327
NC_003277.2	57329
NC_003277.2	57333
NC_003277.2	57338
NC_003277.2	57339
NC_003277.2	57340
NC_003277.2	57341
NC_003277.2	57348
NC_003277.2	57354
NC_003277.2	57359
NC_003277.2	57361
NC_003277.2	57363
NC_003277.2	57371
NC_003277.2	57372
NC_003277.2	57380
NC_003277.2	57381
NC_003277.2	57386
NC_003277.2	57391
NC_003277.2	57396
NC_003277.2	57398
NC_003277.2	57399
NC_003277.2	57400
NC_003277.2	57405
NC_003277.2	57411
NC_003277.2	57417
NC_003277.2	57425
NC_003277.2	57432
NC_003277.2	57435
NC_003277.2	57440
NC_003277.2	57444
NC_003277.2	57445
NC_003277.2	57452
NC_003277.2	57471
NC_003277.2	57474
NC_003277.2	57475
NC_003277.2	57480
NC_003277.2	57489
NC_003277.2	57492
NC_003277.2	57501
NC_003277.2	57504
NC_003277.2	57508
NC_003277.2	57522
NC_003277.2	57523
NC_003277.2	57527
NC_003277.2	57538
NC_003277.2	57539
NC_003277.2	57547
NC_003277.2	58987
NC_003277.2	58997
NC_003277.2	59000
NC_003277.2	59002
NC_003277.2	59018
NC_003277.2	59020
NC_003277.2	59021
NC_003277.2	59023
NC_003277.2	59032
NC_003277.2	59035
NC_003277.2	59041
NC_003277.2	59042
NC_003277.2	59050
NC_003277.2	59051
NC_003277.2	59053
NC_003277.2	59056
NC_003277.2	59058
NC_003277.2	59072
NC_003277.2	59073
NC_003277.2	59074
NC_003277.2	59083
NC_003277.2	59086
NC_003277.2	59095
NC_003277.2	59098
NC_003277.2	59107
NC_003277.2	59116
NC_003277.2	59128
NC_003277.2	59140
NC_003277.2	59143
NC_003277.2	59155
NC_003277.2	59157
NC_003277.2	59167
NC_003277.2	59176
NC_003277.2	59180
NC_003277.2	59182
NC_003277.2	59194
NC_003277.2	59203
NC_003277.2	59206
NC_003277.2	59215
NC_003277.2	59216
NC_003277.2	59218
NC_003277.2	59221
NC_003277.2	59224
NC_003277.2	59243
NC_003277.2	59245
NC_003277.2	59249
NC_003277.2	59254
NC_003277.2	59255
NC_003277.2	59257
NC_003277.2	59261
NC_003277.2	59263
NC_003277.2	59266
NC_003277.2	59272
NC_003277.2	59275
NC_003277.2	59276
NC_003277.2	59278
NC_003277.2	59281
NC_003277.2	59287
NC_003277.2	59296
NC_003277.2	59297
NC_003277.2	59302
NC_003277.2	59308
NC_003277.2	59314
NC_003277.2	59320
NC_003277.2	59323
NC_003277.2	59336
NC_003277.2	59337
NC_003277.2	59338
NC_003277.2	59344
NC_003277.2	59345
NC_003277.2	59347
NC_003277.2	59350
NC_003277.2	59351
NC_003277.2	59353
NC_003277.2	59357
NC_003277.2	59362
NC_003277.2	59371
NC_003277.2	59377
NC_003277.2	59385
NC_003277.2	59393
NC_003277.2	59399
NC_003277.2	59402
NC_003277.2	59405
NC_003277.2	59411
NC_003277.2	59414
NC_003277.2	59417
NC_003277.2	59426
NC_003277.2	59435
NC_003277.2	59438
NC_003277.2	59444
NC_003277.2	59446
NC_003277.2	59447
NC_003277.2	59453
NC_003277.2	59456
NC_003277.2	59457
NC_003277.2	59459
NC_003277.2	59462
NC_003277.2	59463
NC_003277.2	59468
NC_003277.2	59474
NC_003277.2	59476
NC_003277.2	59480
NC_003277.2	59483
NC_003277.2	59493
NC_003277.2	59495
NC_003277.2	59502
NC_003277.2	59503
NC_003277.2	59505
NC_003277.2	59507
NC_003277.2	59522
NC_003277.2	59529
NC_003277.2	59532
NC_003277.2	59534
NC_003277.2	59540
NC_003277.2	59542
NC_003277.2	59546
NC_003277.2	59554
NC_003277.2	59555
NC_003277.2	59561
NC_003277.2	59567
NC_003277.2	59570
NC_003277.2	59581
NC_003277.2	59582
NC_003277.2	59585
NC_003277.2	59588
NC_003277.2	59589
NC_003277.2	59591
NC_003277.2	59598
NC_003277.2	59600
NC_003277.2	59612
NC_003277.2	59627
NC_003277.2	59633
NC_003277.2	59636
NC_003277.2	59639
NC_003277.2	59642
NC_003277.2	59651
NC_003277.2	59653
NC_003277.2	59654
NC_003277.2	59660
NC_003277.2	59663
NC_003277.2	59667
NC_003277.2	59678
NC_003277.2	59681
NC_003277.2	59682
NC_003277.2	59687
NC_003277.2	59692
NC_003277.2	59693
NC_003277.2	59697
NC_003277.2	59710
NC_003277.2	59716
NC_003277.2	59720
NC_003277.2	59724
NC_003277.2	59725
NC_003277.2	59728
NC_003277.2	59731
NC_003277.2	59732
NC_003277.2	59737
NC_003277.2	59744
NC_003277.2	59755
NC_003277.2	59756
NC_003277.2	59758
NC_003277.2	59759
NC_003277.2	59761
NC_003277.2	59771
NC_003277.2	59773
NC_003277.2	59777
NC_003277.2	59785
NC_003277.2	59797
NC_003277.2	59803
NC_003277.2	59811
NC_003277.2	59816
NC_003277.2	59836
NC_003277.2	59856
NC_003277.2	59862
NC_003277.2	59865
NC_003277.2	59866
NC_003277.2	59877
NC_003277.2	59878
NC_003277.2	59880
NC_003277.2	59882
NC_003277.2	59893
NC_003277.2	59895
NC_003277.2	59898
NC_003277.2	59902
NC_003277.2	59909
NC_003277.2	59911
NC_003277.2	59916
NC_003277.2	59922
NC_003277.2	59928
NC_003277.2	59930
NC_003277.2	59932
NC_003277.2	59933
NC_003277.2	59940
NC_003277.2	59951
NC_003277.2	59959
NC_003277.2	59968
NC_003277.2	59972
NC_003277.2	59978
NC_003277.2	59983
NC_003277.2	59993
NC_003277.2	60002
NC_003277.2	60003
NC_003277.2	60005
NC_003277.2	60009
NC_003277.2	60027
NC_003277.2	60033
NC_003277.2	60035
NC_003277.2	60042
NC_003277.2	60044
NC_003277.2	60048
NC_003277.2	60059
NC_003277.2	60060
NC_003277.2	60061
NC_003277.2	60062
NC_003277.2	60066
NC_003277.2	60069
NC_003277.2	60070
NC_003277.2	60072
NC_003277.2	60075
NC_003277.2	60077
NC_003277.2	60084
NC_003277.2	60090
NC_003277.2	60092
NC_003277.2	60095
NC_003277.2	60104
NC_003277.2	60109
NC_003277.2	60111
NC_003277.2	60113
NC_003277.2	60114
NC_003277.2	60115
NC_003277.2	60120
NC_003277.2	60125
NC_003277.2	60132
NC_003277.2	60139
NC_003277.2	60143
NC_003277.2	60145
NC_003277.2	60153
NC_003277.2	60154
NC_003277.2	60155
NC_003277.2	60163
NC_003277.2	60166
NC_003277.2	60168
NC_003277.2	60169
NC_003277.2	60171
NC_003277.2	60174
NC_003277.2	60179
NC_003277.2	60180
NC_003277.2	60186
NC_003277.2	60188
NC_003277.2	60189
NC_003277.2	60192
NC_003277.2	60196
NC_003277.2	60198
NC_003277.2	60204
NC_003277.2	60206
NC_003277.2	60210
NC_003277.2	60212
NC_003277.2	60222
NC_003277.2	60231
NC_003277.2	60240
NC_003277.2	60246
NC_003277.2	60249
NC_003277.2	60252
NC_003277.2	60255
NC_003277.2	60258
NC_003277.2	60259
NC_003277.2	60260
NC_003277.2	60266
NC_003277.2	60267
NC_003277.2	60270
NC_003277.2	60276
NC_003277.2	60280
NC_003277.2	60282
NC_003277.2	60288
NC_003277.2	60306
NC_003277.2	60312
NC_003277.2	60318
NC_003277.2	60323
NC_003277.2	60334
NC_003277.2	60335
NC_003277.2	60337
NC_003277.2	60339
NC_003277.2	60342
NC_003277.2	60348
NC_003277.2	60351
NC_003277.2	60354
NC_003277.2	60360
NC_003277.2	60363
NC_003277.2	60366
NC_003277.2	60381
NC_003277.2	60387
NC_003277.2	60390
NC_003277.2	60393
NC_003277.2	60402
NC_003277.2	60404
NC_003277.2	60405
NC_003277.2	60408
NC_003277.2	60409
NC_003277.2	60410
NC_003277.2	60423
NC_003277.2	60440
NC_003277.2	60448
NC_003277.2	60455
NC_003277.2	60465
NC_003277.2	60467
NC_003277.2	60474
NC_003277.2	60477
NC_003277.2	60480
NC_003277.2	60482
NC_003277.2	60492
NC_003277.2	60504
NC_003277.2	60507
NC_003277.2	60510
NC_003277.2	60512
NC_003277.2	60513
NC_003277.2	60516
NC_003277.2	60519
NC_003277.2	60528
NC_003277.2	60531
NC_003277.2	60536
NC_003277.2	60540
NC_003277.2	60546
NC_003277.2	60549
NC_003277.2	60551
NC_003277.2	60552
NC_003277.2	60559
NC_003277.2	60563
NC_003277.2	60566
NC_003277.2	60567
NC_003277.2	60571
NC_003277.2	60578
NC_003277.2	60579
NC_003277.2	60581
NC_003277.2	60588
NC_003277.2	60590
NC_003277.2	60596
NC_003277.2	60600
NC_003277.2	60606
NC_003277.2	60608
NC_003277.2	60610
NC_003277.2	60611
NC_003277.2	60612
NC_003277.2	60614
NC_003277.2	60620
NC_003277.2	60621
NC_003277.2	60627
NC_003277.2	60643
NC_003277.2	60647
NC_003277.2	60656
NC_003277.2	60657
NC_003277.2	60660
NC_003277.2	60662
NC_003277.2	60663
NC_003277.2	60666
NC_003277.2	60700
NC_003277.2	60701
NC_003277.2	60704
NC_003277.2	60705
NC_003277.2	60710
NC_003277.2	60718
NC_003277.2	60720
NC_003277.2	60725
NC_003277.2	60726
NC_003277.2	60729
NC_003277.2	60732
NC_003277.2	60743
NC_003277.2	60745
NC_003277.2	60748
NC_003277.2	60752
NC_003277.2	60755
NC_003277.2	60759
NC_003277.2	60760
NC_003277.2	60761
NC_003277.2	60766
NC_003277.2	60769
NC_003277.2	60780
NC_003277.2	60788
NC_003277.2	60789
NC_003277.2	60793
NC_003277.2	60796
NC_003277.2	60798
NC_003277.2	60799
NC_003277.2	60801
NC_003277.2	60802
NC_003277.2	60805
NC_003277.2	60809
NC_003277.2	60810
NC_003277.2	60811
NC_003277.2	60815
NC_003277.2	60816
NC_003277.2	60821
NC_003277.2	60823
NC_003277.2	60824
NC_003277.2	60831
NC_003277.2	60859
NC_003277.2	60860
NC_003277.2	60861
NC_003277.2	60868
NC_003277.2	60874
NC_003277.2	60885
NC_003277.2	60886
NC_003277.2	60889
NC_003277.2	60892
NC_003277.2	60893
NC_003277.2	60894
NC_003277.2	60896
NC_003277.2	60903
NC_003277.2	60906
NC_003277.2	60908
NC_003277.2	60912
NC_003277.2	60915
NC_003277.2	60926
NC_003277.2	60929
NC_003277.2	60934
NC_003277.2	60936
NC_003277.2	60947
NC_003277.2	60948
NC_003277.2	60951
NC_003277.2	60953
NC_003277.2	60954
NC_003277.2	60955
NC_003277.2	60956
NC_003277.2	60960
NC_003277.2	60961
NC_003277.2	60962
NC_003277.2	60963
NC_003277.2	60964
NC_003277.2	60965
NC_003277.2	60973
NC_003277.2	60974
NC_003277.2	60977
NC_003277.2	60980
NC_003277.2	60982
NC_003277.2	60983
NC_003277.2	60989
NC_003277.2	60990
NC_003277.2	61000
NC_003277.2	61003
NC_003277.2	61004
NC_003277.2	61005
NC_003277.2	61006
NC_003277.2	61016
NC_003277.2	61019
NC_003277.2	61022
NC_003277.2	61023
NC_003277.2	61025
NC_003277.2	61031
NC_003277.2	61034
NC_003277.2	61040
NC_003277.2	61042
NC_003277.2	61043
NC_003277.2	61044
NC_003277.2	61046
NC_003277.2	61047
NC_003277.2	61049
NC_003277.2	61057
NC_003277.2	61061
NC_003277.2	61065
NC_003277.2	61067
NC_003277.2	61070
NC_003277.2	61073
NC_003277.2	61076
NC_003277.2	61079
NC_003277.2	61091
NC_003277.2	61094
NC_003277.2	61097
NC_003277.2	61104
NC_003277.2	61115
NC_003277.2	61117
NC_003277.2	61118
NC_003277.2	61122
NC_003277.2	61127
NC_003277.2	61131
NC_003277.2	61133
NC_003277.2	61136
NC_003277.2	61140
NC_003277.2	61142
NC_003277.2	61154
NC_003277.2	61155
NC_003277.2	61163
NC_003277.2	61166
NC_003277.2	61178
NC_003277.2	61184
NC_003277.2	61185
NC_003277.2	61199
NC_003277.2	61202
NC_003277.2	61205
NC_003277.2	61212
NC_003277.2	61214
NC_003277.2	61215
NC_003277.2	61217
NC_003277.2	61224
NC_003277.2	61225
NC_003277.2	61226
NC_003277.2	61229
NC_003277.2	61230
NC_003277.2	61232
NC_003277.2	61241
NC_003277.2	61247
NC_003277.2	61253
NC_003277.2	61262
NC_003277.2	61268
NC_003277.2	61270
NC_003277.2	61271
NC_003277.2	61280
NC_003277.2	61290
NC_003277.2	61304
NC_003277.2	61316
NC_003277.2	61336
NC_003277.2	61337
NC_003277.2	61340
NC_003277.2	61343
NC_003277.2	61349
NC_003277.2	61352
NC_003277.2	61362
NC_003277.2	61373
NC_003277.2	61374
NC_003277.2	61382
NC_003277.2	61389
NC_003277.2	61395
NC_003277.2	61397
NC_003277.2	61398
NC_003277.2	61404
NC_003277.2	61408
NC_003277.2	61411
NC_003277.2	61415
NC_003277.2	61422
NC_003277.2	61426
NC_003277.2	61428
NC_003277.2	61434
NC_003277.2	61436
NC_003277.2	61445
NC_003277.2	61446
NC_003277.2	61453
NC_003277.2	61455
NC_003277.2	61460
NC_003277.2	61462
NC_003277.2	61468
NC_003277.2	61477
NC_003277.2	61479
NC_003277.2	61485
NC_003277.2	61491
NC_003277.2	61494
NC_003277.2	61504
NC_003277.2	61505
NC_003277.2	61506
NC_003277.2	61507
NC_003277.2	61510
NC_003277.2	61524
NC_003277.2	61534
NC_003277.2	61537
NC_003277.2	61554
NC_003277.2	61585
NC_003277.2	61591
NC_003277.2	62624
NC_003277.2	62626
NC_003277.2	62628
NC_003277.2	62634
NC_003277.2	62635
NC_003277.2	62639
NC_003277.2	62665
NC_003277.2	62671
NC_003277.2	62680
NC_003277.2	62687
NC_003277.2	62689
NC_003277.2	62694
NC_003277.2	62695
NC_003277.2	62701
NC_003277.2	62710
NC_003277.2	62711
NC_003277.2	62716
NC_003277.2	62717
NC_003277.2	62718
NC_003277.2	62719
NC_003277.2	62722
NC_003277.2	62724
NC_003277.2	62725
NC_003277.2	62731
NC_003277.2	62735
NC_003277.2	62743
NC_003277.2	62746
NC_003277.2	62749
NC_003277.2	62755
NC_003277.2	62756
NC_003277.2	62758
NC_003277.2	62761
NC_003277.2	62776
NC_003277.2	62783
NC_003277.2	62788
NC_003277.2	62789
NC_003277.2	62809
NC_003277.2	62812
NC_003277.2	62819
NC_003277.2	62820
NC_003277.2	62821
NC_003277.2	62827
NC_003277.2	62836
NC_003277.2	62839
NC_003277.2	62848
NC_003277.2	62854
NC_003277.2	62856
NC_003277.2	62857
NC_003277.2	62860
NC_003277.2	62863
NC_003277.2	62870
NC_003277.2	62875
NC_003277.2	62878
NC_003277.2	62884
NC_003277.2	62896
NC_003277.2	62899
NC_003277.2	62917
NC_003277.2	62926
NC_003277.2	62935
NC_003277.2	62953
NC_003277.2	62956
NC_003277.2	62965
NC_003277.2	62968
NC_003277.2	62977
NC_003277.2	62983
NC_003277.2	63003
NC_003277.2	63006
NC_003277.2	63030
NC_003277.2	63032
NC_003277.2	63081
NC_003277.2	63087
NC_003277.2	63088
NC_003277.2	63097
NC_003277.2	63099
NC_003277.2	63102
NC_003277.2	63105
NC_003277.2	63108
NC_003277.2	63111
NC_003277.2	63112
NC_003277.2	63129
NC_003277.2	63130
NC_003277.2	63132
NC_003277.2	63134
NC_003277.2	63135
NC_003277.2	63141
NC_003277.2	63145
NC_003277.2	63147
NC_003277.2	63150
NC_003277.2	63156
NC_003277.2	63159
NC_003277.2	63160
NC_003277.2	63162
NC_003277.2	63165
NC_003277.2	63189
NC_003277.2	63191
NC_003277.2	63213
NC_003277.2	63216
NC_003277.2	63223
NC_003277.2	63225
NC_003277.2	63252
NC_003277.2	63262
NC_003277.2	63264
NC_003277.2	63282
NC_003277.2	63315
NC_003277.2	63319
NC_003277.2	63323
NC_003277.2	63326
NC_003277.2	63329
NC_003277.2	63334
NC_003277.2	63335
NC_003277.2	63336
NC_003277.2	63351
NC_003277.2	63369
NC_003277.2	63372
NC_003277.2	63376
NC_003277.2	63381
NC_003277.2	63384
NC_003277.2	63385
NC_003277.2	63386
NC_003277.2	63387
NC_003277.2	63393
NC_003277.2	63400
NC_003277.2	63402
NC_003277.2	63403
NC_003277.2	63408
NC_003277.2	63414
NC_003277.2	63420
NC_003277.2	63423
NC_003277.2	63424
NC_003277.2	63426
NC_003277.2	63429
NC_003277.2	63432
NC_003277.2	63444
NC_003277.2	63445
NC_003277.2	63447
NC_003277.2	63459
NC_003277.2	63462
NC_003277.2	63480
NC_003277.2	63483
NC_003277.2	63486
NC_003277.2	63489
NC_003277.2	63492
NC_003277.2	63497
NC_003277.2	63504
NC_003277.2	63507
NC_003277.2	63508
NC_003277.2	63516
NC_003277.2	63537
NC_003277.2	63567
NC_003277.2	63579
NC_003277.2	63591
NC_003277.2	63594
NC_003277.2	63609
NC_003277.2	63612
NC_003277.2	63618
NC_003277.2	63624
NC_003277.2	63639
NC_003277.2	63642
NC_003277.2	63643
NC_003277.2	63660
NC_003277.2	63669
NC_003277.2	63678
NC_003277.2	63689
NC_003277.2	63690
NC_003277.2	63693
NC_003277.2	63699
NC_003277.2	63700
NC_003277.2	63701
NC_003277.2	63705
NC_003277.2	63711
NC_003277.2	63717
NC_003277.2	63720
NC_003277.2	63738
NC_003277.2	63739
NC_003277.2	63741
NC_003277.2	63750
NC_003277.2	63762
NC_003277.2	63774
NC_003277.2	63783
NC_003277.2	63798
NC_003277.2	63810
NC_003277.2	63813
NC_003277.2	63816
NC_003277.2	63819
NC_003277.2	63834
NC_003277.2	63846
NC_003277.2	63858
NC_003277.2	63888
NC_003277.2	63907
NC_003277.2	63908
NC_003277.2	63911
NC_003277.2	63915
NC_003277.2	63917
NC_003277.2	63920
NC_003277.2	63922
NC_003277.2	63923
NC_003277.2	63926
NC_003277.2	63931
NC_003277.2	63943
NC_003277.2	63950
NC_003277.2	63954
NC_003277.2	63964
NC_003277.2	63965
NC_003277.2	63970
NC_003277.2	63971
NC_003277.2	63988
NC_003277.2	63989
NC_003277.2	63990
NC_003277.2	63991
NC_003277.2	63998
NC_003277.2	64000
NC_003277.2	64001
NC_003277.2	64005
NC_003277.2	64006
NC_003277.2	64012
NC_003277.2	64021
NC_003277.2	64023
NC_003277.2	64024
NC_003277.2	64030
NC_003277.2	64031
NC_003277.2	64033
NC_003277.2	64039
NC_003277.2	64043
NC_003277.2	64044
NC_003277.2	64051
NC_003277.2	64060
NC_003277.2	64063
NC_003277.2	64066
NC_003277.2	64075
NC_003277.2	64078
NC_003277.2	64080
NC_003277.2	64081
NC_003277.2	64084
NC_003277.2	64087
NC_003277.2	64089
NC_003277.2	64091
NC_003277.2	64099
NC_003277.2	64103
NC_003277.2	64111
NC_003277.2	64114
NC_003277.2	64116
NC_003277.2	64126
NC_003277.2	64128
NC_003277.2	64130
NC_003277.2	64132
NC_003277.2	64138
NC_003277.2	64147
NC_003277.2	64153
NC_003277.2	64158
NC_003277.2	64159
NC_003277.2	64168
NC_003277.2	64171
NC_003277.2	64174
NC_003277.2	64186
NC_003277.2	64189
NC_003277.2	64192
NC_003277.2	64195
NC_003277.2	64198
NC_003277.2	64204
NC_003277.2	64205
NC_003277.2	64211
NC_003277.2	64213
NC_003277.2	64215
NC_003277.2	64222
NC_003277.2	64228
NC_003277.2	64230
NC_003277.2	64231
NC_003277.2	64234
NC_003277.2	64237
NC_003277.2	64240
NC_003277.2	64243
NC_003277.2	64247
NC_003277.2	64249
NC_003277.2	64252
NC_003277.2	64261
NC_003277.2	64279
NC_003277.2	64282
NC_003277.2	64285
NC_003277.2	64288
NC_003277.2	64291
NC_003277.2	64294
NC_003277.2	64304
NC_003277.2	64309
NC_003277.2	64315
NC_003277.2	64327
NC_003277.2	64330
NC_003277.2	64331
NC_003277.2	64334
NC_003277.2	64345
NC_003277.2	64348
NC_003277.2	64354
NC_003277.2	64357
NC_003277.2	64359
NC_003277.2	64360
NC_003277.2	64361
NC_003277.2	64363
NC_003277.2	64366
NC_003277.2	64369
NC_003277.2	64382
NC_003277.2	64387
NC_003277.2	64390
NC_003277.2	64393
NC_003277.2	64396
NC_003277.2	64400
NC_003277.2	64402
NC_003277.2	64417
NC_003277.2	64420
NC_003277.2	64427
NC_003277.2	64430
NC_003277.2	64431
NC_003277.2	64435
NC_003277.2	64438
NC_003277.2	64441
NC_003277.2	64444
NC_003277.2	64450
NC_003277.2	64453
NC_003277.2	64465
NC_003277.2	64466
NC_003277.2	64471
NC_003277.2	64474
NC_003277.2	64480
NC_003277.2	64494
NC_003277.2	64497
NC_003277.2	64501
NC_003277.2	64510
NC_003277.2	64514
NC_003277.2	64525
NC_003277.2	64537
NC_003277.2	64546
NC_003277.2	64567
NC_003277.2	64569
NC_003277.2	64577
NC_003277.2	64585
NC_003277.2	64588
NC_003277.2	64591
NC_003277.2	64594
NC_003277.2	64600
NC_003277.2	64606
NC_003277.2	64638
NC_003277.2	64641
NC_003277.2	64650
NC_003277.2	64651
NC_003277.2	64656
NC_003277.2	64659
NC_003277.2	64662
NC_003277.2	64665
NC_003277.2	64672
NC_003277.2	64674
NC_003277.2	64689
NC_003277.2	64691
NC_003277.2	64692
NC_003277.2	64695
NC_003277.2	64698
NC_003277.2	64699
NC_003277.2	64701
NC_003277.2	64705
NC_003277.2	64707
NC_003277.2	64710
NC_003277.2	64716
NC_003277.2	64719
NC_003277.2	64725
NC_003277.2	64728
NC_003277.2	64737
NC_003277.2	64740
NC_003277.2	64747
NC_003277.2	64748
NC_003277.2	64749
NC_003277.2	64752
NC_003277.2	64761
NC_003277.2	64763
NC_003277.2	64764
NC_003277.2	64767
NC_003277.2	64770
NC_003277.2	64779
NC_003277.2	64782
NC_003277.2	64797
NC_003277.2	64806
NC_003277.2	64824
NC_003277.2	64827
NC_003277.2	64845
NC_003277.2	64848
NC_003277.2	64863
NC_003277.2	64878
NC_003277.2	64884
NC_003277.2	64887
NC_003277.2	64896
NC_003277.2	64898
NC_003277.2	64902
NC_003277.2	64911
NC_003277.2	64917
NC_003277.2	64920
NC_003277.2	64932
NC_003277.2	64950
NC_003277.2	64959
NC_003277.2	64965
NC_003277.2	64968
NC_003277.2	64971
NC_003277.2	64980
NC_003277.2	64983
NC_003277.2	64992
NC_003277.2	65001
NC_003277.2	65004
NC_003277.2	65007
NC_003277.2	65010
NC_003277.2	65013
NC_003277.2	65016
NC_003277.2	65017
NC_003277.2	65019
NC_003277.2	65022
NC_003277.2	65025
NC_003277.2	65031
NC_003277.2	65034
NC_003277.2	65040
NC_003277.2	65043
NC_003277.2	65046
NC_003277.2	65048
NC_003277.2	65061
NC_003277.2	65070
NC_003277.2	65076
NC_003277.2	65082
NC_003277.2	65085
NC_003277.2	65088
NC_003277.2	65091
NC_003277.2	65094
NC_003277.2	65095
NC_003277.2	65097
NC_003277.2	65098
NC_003277.2	65109
NC_003277.2	65124
NC_003277.2	65130
NC_003277.2	65133
NC_003277.2	65136
NC_003277.2	65145
NC_003277.2	65154
NC_003277.2	65163
NC_003277.2	65166
NC_003277.2	65178
NC_003277.2	65187
NC_003277.2	65199
NC_003277.2	65205
NC_003277.2	65217
NC_003277.2	65218
NC_003277.2	65219
NC_003277.2	65223
NC_003277.2	65225
NC_003277.2	65232
NC_003277.2	65237
NC_003277.2	65238
NC_003277.2	65240
NC_003277.2	65244
NC_003277.2	65247
NC_003277.2	65250
NC_003277.2	65253
NC_003277.2	65256
NC_003277.2	65265
NC_003277.2	65268
NC_003277.2	65274
NC_003277.2	65277
NC_003277.2	65286
NC_003277.2	65290
NC_003277.2	65301
NC_003277.2	65307
NC_003277.2	65325
NC_003277.2	65343
NC_003277.2	65349
NC_003277.2	65352
NC_003277.2	65359
NC_003277.2	65364
NC_003277.2	65367
NC_003277.2	65375
NC_003277.2	65382
NC_003277.2	65394
NC_003277.2	65397
NC_003277.2	65400
NC_003277.2	65407
NC_003277.2	65408
NC_003277.2	65409
NC_003277.2	65412
NC_003277.2	65415
NC_003277.2	65418
NC_003277.2	65442
NC_003277.2	65457
NC_003277.2	65460
NC_003277.2	65463
NC_003277.2	65466
NC_003277.2	65472
NC_003277.2	65478
NC_003277.2	65487
NC_003277.2	65508
NC_003277.2	65511
NC_003277.2	65514
NC_003277.2	65518
NC_003277.2	65521
NC_003277.2	65529
NC_003277.2	65544
NC_003277.2	65547
NC_003277.2	65550
NC_003277.2	65556
NC_003277.2	65565
NC_003277.2	65583
NC_003277.2	65604
NC_003277.2	65613
NC_003277.2	65616
NC_003277.2	65622
NC_003277.2	65634
NC_003277.2	65640
NC_003277.2	65649
NC_003277.2	65652
NC_003277.2	65660
NC_003277.2	65664
NC_003277.2	65667
NC_003277.2	65676
NC_003277.2	65682
NC_003277.2	65685
NC_003277.2	65686
NC_003277.2	65694
NC_003277.2	65697
NC_003277.2	65700
NC_003277.2	65706
NC_003277.2	65707
NC_003277.2	65709
NC_003277.2	65711
NC_003277.2	65718
NC_003277.2	65721
NC_003277.2	65727
NC_003277.2	65730
NC_003277.2	65742
NC_003277.2	65751
NC_003277.2	65760
NC_003277.2	65763
NC_003277.2	65781
NC_003277.2	65799
NC_003277.2	65811
NC_003277.2	65814
NC_003277.2	65817
NC_003277.2	65835
NC_003277.2	65844
NC_003277.2	65847
NC_003277.2	65868
NC_003277.2	65874
NC_003277.2	65876
NC_003277.2	65884
NC_003277.2	65885
NC_003277.2	65887
NC_003277.2	65892
NC_003277.2	65901
NC_003277.2	65904
NC_003277.2	65907
NC_003277.2	65911
NC_003277.2	65919
NC_003277.2	65925
NC_003277.2	65929
NC_003277.2	65931
NC_003277.2	65934
NC_003277.2	65937
NC_003277.2	65940
NC_003277.2	65942
NC_003277.2	65943
NC_003277.2	65946
NC_003277.2	65949
NC_003277.2	65953
NC_003277.2	65955
NC_003277.2	65967
NC_003277.2	65970
NC_003277.2	65994
NC_003277.2	65995
NC_003277.2	66006
NC_003277.2	66036
NC_003277.2	66037
NC_003277.2	66038
NC_003277.2	66039
NC_003277.2	66041
NC_003277.2	66048
NC_003277.2	66058
NC_003277.2	66060
NC_003277.2	66063
NC_003277.2	66064
NC_003277.2	66065
NC_003277.2	66066
NC_003277.2	66070
NC_003277.2	66072
NC_003277.2	66074
NC_003277.2	66075
NC_003277.2	66078
NC_003277.2	66085
NC_003277.2	66086
NC_003277.2	66090
NC_003277.2	66092
NC_003277.2	66093
NC_003277.2	66095
NC_003277.2	66103
NC_003277.2	66110
NC_003277.2	66112
NC_003277.2	66116
NC_003277.2	66119
NC_003277.2	66121
NC_003277.2	66125
NC_003277.2	66127
NC_003277.2	66128
NC_003277.2	66136
NC_003277.2	66142
NC_003277.2	66147
NC_003277.2	66162
NC_003277.2	66163
NC_003277.2	66168
NC_003277.2	66171
NC_003277.2	66174
NC_003277.2	66176
NC_003277.2	66182
NC_003277.2	66184
NC_003277.2	66187
NC_003277.2	66188
NC_003277.2	66192
NC_003277.2	66195
NC_003277.2	66196
NC_003277.2	66197
NC_003277.2	66199
NC_003277.2	66205
NC_003277.2	66211
NC_003277.2	66212
NC_003277.2	66215
NC_003277.2	66216
NC_003277.2	66218
NC_003277.2	66222
NC_003277.2	66223
NC_003277.2	66229
NC_003277.2	66234
NC_003277.2	66235
NC_003277.2	66236
NC_003277.2	66237
NC_003277.2	66238
NC_003277.2	66241
NC_003277.2	66249
NC_003277.2	66250
NC_003277.2	66255
NC_003277.2	66257
NC_003277.2	66263
NC_003277.2	66267
NC_003277.2	66277
NC_003277.2	66278
NC_003277.2	66284
NC_003277.2	66289
NC_003277.2	66291
NC_003277.2	66293
NC_003277.2	66294
NC_003277.2	66299
NC_003277.2	66300
NC_003277.2	66304
NC_003277.2	66305
NC_003277.2	66308
NC_003277.2	66311
NC_003277.2	66314
NC_003277.2	66317
NC_003277.2	66320
NC_003277.2	66323
NC_003277.2	66324
NC_003277.2	66327
NC_003277.2	66329
NC_003277.2	66331
NC_003277.2	66334
NC_003277.2	66341
NC_003277.2	66344
NC_003277.2	66349
NC_003277.2	66350
NC_003277.2	66352
NC_003277.2	66353
NC_003277.2	66358
NC_003277.2	66360
NC_003277.2	66370
NC_003277.2	66375
NC_003277.2	66379
NC_003277.2	66380
NC_003277.2	66382
NC_003277.2	66391
NC_003277.2	66395
NC_003277.2	66396
NC_003277.2	66403
NC_003277.2	66405
NC_003277.2	66407
NC_003277.2	66408
NC_003277.2	66411
NC_003277.2	66412
NC_003277.2	66420
NC_003277.2	66421
NC_003277.2	66423
NC_003277.2	66430
NC_003277.2	66434
NC_003277.2	66440
NC_003277.2	66441
NC_003277.2	66443
NC_003277.2	66446
NC_003277.2	66451
NC_003277.2	66454
NC_003277.2	66457
NC_003277.2	66458
NC_003277.2	66459
NC_003277.2	66464
NC_003277.2	66473
NC_003277.2	66474
NC_003277.2	66478
NC_003277.2	66479
NC_003277.2	66481
NC_003277.2	66485
NC_003277.2	66486
NC_003277.2	66488
NC_003277.2	66492
NC_003277.2	66495
NC_003277.2	66500
NC_003277.2	66501
NC_003277.2	66504
NC_003277.2	66508
NC_003277.2	66513
NC_003277.2	66514
NC_003277.2	66520
NC_003277.2	66527
NC_003277.2	66529
NC_003277.2	66530
NC_003277.2	66533
NC_003277.2	66534
NC_003277.2	66537
NC_003277.2	66538
NC_003277.2	66542
NC_003277.2	66544
NC_003277.2	66546
NC_003277.2	66547
NC_003277.2	66548
NC_003277.2	66552
NC_003277.2	66553
NC_003277.2	66554
NC_003277.2	66556
NC_003277.2	66557
NC_003277.2	66558
NC_003277.2	66564
NC_003277.2	66567
NC_003277.2	66568
NC_003277.2	66570
NC_003277.2	66571
NC_003277.2	66574
NC_003277.2	66575
NC_003277.2	66577
NC_003277.2	66580
NC_003277.2	66585
NC_003277.2	66588
NC_003277.2	66589
NC_003277.2	66590
NC_003277.2	66594
NC_003277.2	66598
NC_003277.2	66602
NC_003277.2	66605
NC_003277.2	66607
NC_003277.2	66611
NC_003277.2	66612
NC_003277.2	66616
NC_003277.2	66619
NC_003277.2	66635
NC_003277.2	66642
NC_003277.2	66650
NC_003277.2	66653
NC_003277.2	66656
NC_003277.2	66657
NC_003277.2	66660
NC_003277.2	66663
NC_003277.2	66664
NC_003277.2	66668
NC_003277.2	66671
NC_003277.2	66675
NC_003277.2	66681
NC_003277.2	66686
NC_003277.2	66687
NC_003277.2	66688
NC_003277.2	66693
NC_003277.2	66707
NC_003277.2	66712
NC_003277.2	66716
NC_003277.2	66717
NC_003277.2	66726
NC_003277.2	66730
NC_003277.2	66732
NC_003277.2	66739
NC_003277.2	66741
NC_003277.2	66742
NC_003277.2	66743
NC_003277.2	66749
NC_003277.2	66754
NC_003277.2	66758
NC_003277.2	66760
NC_003277.2	66764
NC_003277.2	66765
NC_003277.2	66766
NC_003277.2	66767
NC_003277.2	66768
NC_003277.2	66772
NC_003277.2	66774
NC_003277.2	66775
NC_003277.2	66779
NC_003277.2	66780
NC_003277.2	66781
NC_003277.2	66782
NC_003277.2	66786
NC_003277.2	66788
NC_003277.2	66802
NC_003277.2	66805
NC_003277.2	66806
NC_003277.2	66808
NC_003277.2	66810
NC_003277.2	66812
NC_003277.2	66815
NC_003277.2	66826
NC_003277.2	66831
NC_003277.2	66834
NC_003277.2	66836
NC_003277.2	66845
NC_003277.2	66855
NC_003277.2	66856
NC_003277.2	66858
NC_003277.2	66865
NC_003277.2	66866
NC_003277.2	66867
NC_003277.2	66874
NC_003277.2	66876
NC_003277.2	66877
NC_003277.2	66878
NC_003277.2	66880
NC_003277.2	66883
NC_003277.2	66895
NC_003277.2	66899
NC_003277.2	66901
NC_003277.2	66902
NC_003277.2	66904
NC_003277.2	66907
NC_003277.2	66910
NC_003277.2	66913
NC_003277.2	66916
NC_003277.2	66925
NC_003277.2	66928
NC_003277.2	66929
NC_003277.2	66931
NC_003277.2	66934
NC_003277.2	66940
NC_003277.2	66945
NC_003277.2	66955
NC_003277.2	66961
NC_003277.2	66991
NC_003277.2	66994
NC_003277.2	66997
NC_003277.2	67002
NC_003277.2	67005
NC_003277.2	67012
NC_003277.2	67016
NC_003277.2	67021
NC_003277.2	67023
NC_003277.2	67032
NC_003277.2	67038
NC_003277.2	67060
NC_003277.2	67063
NC_003277.2	67069
NC_003277.2	67072
NC_003277.2	67075
NC_003277.2	67077
NC_003277.2	67084
NC_003277.2	67088
NC_003277.2	67089
NC_003277.2	67090
NC_003277.2	67094
NC_003277.2	67101
NC_003277.2	67102
NC_003277.2	67105
NC_003277.2	67107
NC_003277.2	67118
NC_003277.2	67127
NC_003277.2	67129
NC_003277.2	67132
NC_003277.2	67135
NC_003277.2	67138
NC_003277.2	67152
NC_003277.2	67155
NC_003277.2	67164
NC_003277.2	67177
NC_003277.2	67186
NC_003277.2	67189
NC_003277.2	67196
NC_003277.2	67199
NC_003277.2	67201
NC_003277.2	67203
NC_003277.2	67204
NC_003277.2	67205
NC_003277.2	67207
NC_003277.2	67214
NC_003277.2	67216
NC_003277.2	67219
NC_003277.2	67220
NC_003277.2	67222
NC_003277.2	67225
NC_003277.2	67228
NC_003277.2	67229
NC_003277.2	67230
NC_003277.2	67231
NC_003277.2	67234
NC_003277.2	67237
NC_003277.2	67243
NC_003277.2	67246
NC_003277.2	67252
NC_003277.2	67253
NC_003277.2	67255
NC_003277.2	67267
NC_003277.2	67270
NC_003277.2	67285
NC_003277.2	67294
NC_003277.2	67296
NC_003277.2	67297
NC_003277.2	67304
NC_003277.2	67309
NC_003277.2	67318
NC_003277.2	67322
NC_003277.2	67327
NC_003277.2	67336
NC_003277.2	67348
NC_003277.2	67350
NC_003277.2	67360
NC_003277.2	67366
NC_003277.2	67379
NC_003277.2	67381
NC_003277.2	67383
NC_003277.2	67384
NC_003277.2	67385
NC_003277.2	67389
NC_003277.2	67390
NC_003277.2	67391
NC_003277.2	67413
NC_003277.2	67432
NC_003277.2	67470
NC_003277.2	67491
NC_003277.2	67496
NC_003277.2	67501
NC_003277.2	67502
NC_003277.2	67510
NC_003277.2	67515
NC_003277.2	67530
NC_003277.2	67558
NC_003277.2	67563
NC_003277.2	67581
NC_003277.2	67588
NC_003277.2	67593
NC_003277.2	67594
NC_003277.2	67595
NC_003277.2	67597
NC_003277.2	67599
NC_003277.2	67608
NC_003277.2	67614
NC_003277.2	67616
NC_003277.2	67617
NC_003277.2	67632
NC_003277.2	67638
NC_003277.2	67639
NC_003277.2	67647
NC_003277.2	67650
NC_003277.2	67656
NC_003277.2	67668
NC_003277.2	67671
NC_003277.2	67683
NC_003277.2	67686
NC_003277.2	67692
NC_003277.2	67696
NC_003277.2	67698
NC_003277.2	67700
NC_003277.2	67703
NC_003277.2	67709
NC_003277.2	67714
NC_003277.2	67716
NC_003277.2	67718
NC_003277.2	67719
NC_003277.2	67732
NC_003277.2	67737
NC_003277.2	67741
NC_003277.2	67745
NC_003277.2	67747
NC_003277.2	67749
NC_003277.2	67750
NC_003277.2	67753
NC_003277.2	67755
NC_003277.2	67756
NC_003277.2	67760
NC_003277.2	67761
NC_003277.2	67762
NC_003277.2	67766
NC_003277.2	67774
NC_003277.2	67775
NC_003277.2	67782
NC_003277.2	67784
NC_003277.2	67787
NC_003277.2	67788
NC_003277.2	67790
NC_003277.2	67799
NC_003277.2	67809
NC_003277.2	67814
NC_003277.2	67822
NC_003277.2	67823
NC_003277.2	67824
NC_003277.2	67825
NC_003277.2	67833
NC_003277.2	67836
NC_003277.2	67848
NC_003277.2	67849
NC_003277.2	67852
NC_003277.2	67853
NC_003277.2	67870
NC_003277.2	67880
NC_003277.2	67894
NC_003277.2	67969
NC_003277.2	67970
NC_003277.2	67971
NC_003277.2	67972
NC_003277.2	67977
NC_003277.2	67979
NC_003277.2	67984
NC_003277.2	67990
NC_003277.2	68009
NC_003277.2	68010
NC_003277.2	68236
NC_003277.2	68238
NC_003277.2	68242
NC_003277.2	68246
NC_003277.2	68249
NC_003277.2	68250
NC_003277.2	68256
NC_003277.2	68260
NC_003277.2	68267
NC_003277.2	68271
NC_003277.2	68276
NC_003277.2	68279
NC_003277.2	68280
NC_003277.2	68376
NC_003277.2	68379
NC_003277.2	68380
NC_003277.2	68383
NC_003277.2	68399
NC_003277.2	68404
NC_003277.2	68406
NC_003277.2	68409
NC_003277.2	68480
NC_003277.2	68482
NC_003277.2	68484
NC_003277.2	68490
NC_003277.2	68491
NC_003277.2	68492
NC_003277.2	68496
NC_003277.2	68520
NC_003277.2	68526
NC_003277.2	68532
NC_003277.2	68536
NC_003277.2	68537
NC_003277.2	68541
NC_003277.2	68544
NC_003277.2	68546
NC_003277.2	68548
NC_003277.2	68549
NC_003277.2	68554
NC_003277.2	68556
NC_003277.2	68559
NC_003277.2	68561
NC_003277.2	68572
NC_003277.2	68574
NC_003277.2	68580
NC_003277.2	68581
NC_003277.2	68585
NC_003277.2	68592
NC_003277.2	68595
NC_003277.2	68597
NC_003277.2	68598
NC_003277.2	68604
NC_003277.2	68605
NC_003277.2	68607
NC_003277.2	68621
NC_003277.2	68622
NC_003277.2	68628
NC_003277.2	68631
NC_003277.2	68632
NC_003277.2	68634
NC_003277.2	68637
NC_003277.2	68640
NC_003277.2	68646
NC_003277.2	68652
NC_003277.2	68655
NC_003277.2	68661
NC_003277.2	68665
NC_003277.2	68674
NC_003277.2	68676
NC_003277.2	68677
NC_003277.2	68679
NC_003277.2	68682
NC_003277.2	68688
NC_003277.2	68709
NC_003277.2	68727
NC_003277.2	68730
NC_003277.2	68733
NC_003277.2	68742
NC_003277.2	68748
NC_003277.2	68764
NC_003277.2	68792
NC_003277.2	68793
NC_003277.2	68796
NC_003277.2	68797
NC_003277.2	68802
NC_003277.2	68805
NC_003277.2	68808
NC_003277.2	68811
NC_003277.2	68815
NC_003277.2	68822
NC_003277.2	68824
NC_003277.2	68825
NC_003277.2	68826
NC_003277.2	68827
NC_003277.2	68832
NC_003277.2	68835
NC_003277.2	68838
NC_003277.2	68839
NC_003277.2	68847
NC_003277.2	68866
NC_003277.2	68868
NC_003277.2	68871
NC_003277.2	68872
NC_003277.2	68874
NC_003277.2	68877
NC_003277.2	68878
NC_003277.2	68883
NC_003277.2	68895
NC_003277.2	68904
NC_003277.2	68907
NC_003277.2	68910
NC_003277.2	68911
NC_003277.2	68913
NC_003277.2	68919
NC_003277.2	68931
NC_003277.2	68932
NC_003277.2	68946
NC_003277.2	68952
NC_003277.2	68958
NC_003277.2	68961
NC_003277.2	68967
NC_003277.2	68976
NC_003277.2	68982
NC_003277.2	68988
NC_003277.2	68991
NC_003277.2	68997
NC_003277.2	69000
NC_003277.2	69005
NC_003277.2	69009
NC_003277.2	69012
NC_003277.2	69019
NC_003277.2	69021
NC_003277.2	69027
NC_003277.2	69030
NC_003277.2	69036
NC_003277.2	69066
NC_003277.2	69070
NC_003277.2	69075
NC_003277.2	69081
NC_003277.2	69082
NC_003277.2	69084
NC_003277.2	69090
NC_003277.2	69092
NC_003277.2	69093
NC_003277.2	69108
NC_003277.2	69114
NC_003277.2	69120
NC_003277.2	69138
NC_003277.2	69150
NC_003277.2	69153
NC_003277.2	69154
NC_003277.2	69156
NC_003277.2	69165
NC_003277.2	69166
NC_003277.2	69167
NC_003277.2	69168
NC_003277.2	69173
NC_003277.2	69181
NC_003277.2	69183
NC_003277.2	69186
NC_003277.2	69192
NC_003277.2	69193
NC_003277.2	69198
NC_003277.2	69204
NC_003277.2	69205
NC_003277.2	69228
NC_003277.2	69231
NC_003277.2	69234
NC_003277.2	69240
NC_003277.2	69244
NC_003277.2	69246
NC_003277.2	69247
NC_003277.2	69254
NC_003277.2	69255
NC_003277.2	69256
NC_003277.2	69258
NC_003277.2	69261
NC_003277.2	69263
NC_003277.2	69279
NC_003277.2	69282
NC_003277.2	69291
NC_003277.2	69297
NC_003277.2	69303
NC_003277.2	69307
NC_003277.2	69308
NC_003277.2	69309
NC_003277.2	69321
NC_003277.2	69325
NC_003277.2	69328
NC_003277.2	69329
NC_003277.2	69348
NC_003277.2	69354
NC_003277.2	69357
NC_003277.2	69360
NC_003277.2	69363
NC_003277.2	69365
NC_003277.2	69366
NC_003277.2	69375
NC_003277.2	69378
NC_003277.2	69385
NC_003277.2	69389
NC_003277.2	69393
NC_003277.2	69433
NC_003277.2	69434
NC_003277.2	69438
NC_003277.2	69441
NC_003277.2	69444
NC_003277.2	69453
NC_003277.2	69468
NC_003277.2	69492
NC_003277.2	69504
NC_003277.2	69528
NC_003277.2	69543
NC_003277.2	69561
NC_003277.2	69570
NC_003277.2	69588
NC_003277.2	69600
NC_003277.2	69615
NC_003277.2	69618
NC_003277.2	69633
NC_003277.2	69636
NC_003277.2	69642
NC_003277.2	69648
NC_003277.2	69653
NC_003277.2	69654
NC_003277.2	69657
NC_003277.2	69658
NC_003277.2	69659
NC_003277.2	69660
NC_003277.2	69669
NC_003277.2	69672
NC_003277.2	69684
NC_003277.2	69685
NC_003277.2	69690
NC_003277.2	69696
NC_003277.2	69699
NC_003277.2	69706
NC_003277.2	69707
NC_003277.2	69708
NC_003277.2	69714
NC_003277.2	69717
NC_003277.2	69733
NC_003277.2	69734
NC_003277.2	69744
NC_003277.2	69756
NC_003277.2	69786
NC_003277.2	69807
NC_003277.2	69817
NC_003277.2	69825
NC_003277.2	69843
NC_003277.2	69846
NC_003277.2	69855
NC_003277.2	69864
NC_003277.2	69867
NC_003277.2	69879
NC_003277.2	69885
NC_003277.2	69888
NC_003277.2	69897
NC_003277.2	69904
NC_003277.2	69918
NC_003277.2	69919
NC_003277.2	69921
NC_003277.2	69936
NC_003277.2	69942
NC_003277.2	69945
NC_003277.2	69948
NC_003277.2	69951
NC_003277.2	69960
NC_003277.2	69963
NC_003277.2	69984
NC_003277.2	69990
NC_003277.2	70008
NC_003277.2	70014
NC_003277.2	70041
NC_003277.2	70044
NC_003277.2	70047
NC_003277.2	70056
NC_003277.2	70059
NC_003277.2	70062
NC_003277.2	70080
NC_003277.2	70101
NC_003277.2	70107
NC_003277.2	70116
NC_003277.2	70137
NC_003277.2	70140
NC_003277.2	70143
NC_003277.2	70155
NC_003277.2	70158
NC_003277.2	70161
NC_003277.2	70176
NC_003277.2	70185
NC_003277.2	70188
NC_003277.2	70206
NC_003277.2	70209
NC_003277.2	70212
NC_003277.2	70215
NC_003277.2	70222
NC_003277.2	70236
NC_003277.2	70239
NC_003277.2	70242
NC_003277.2	70246
NC_003277.2	70251
NC_003277.2	70284
NC_003277.2	70290
NC_003277.2	70293
NC_003277.2	70299
NC_003277.2	70305
NC_003277.2	70308
NC_003277.2	70312
NC_003277.2	70332
NC_003277.2	70333
NC_003277.2	70342
NC_003277.2	70344
NC_003277.2	70354
NC_003277.2	70362
NC_003277.2	70365
NC_003277.2	70371
NC_003277.2	70383
NC_003277.2	70387
NC_003277.2	70398
NC_003277.2	70399
NC_003277.2	70400
NC_003277.2	70401
NC_003277.2	70403
NC_003277.2	70407
NC_003277.2	70415
NC_003277.2	70416
NC_003277.2	70425
NC_003277.2	70426
NC_003277.2	70427
NC_003277.2	70428
NC_003277.2	70440
NC_003277.2	70465
NC_003277.2	70467
NC_003277.2	70470
NC_003277.2	70473
NC_003277.2	70476
NC_003277.2	70479
NC_003277.2	70481
NC_003277.2	70482
NC_003277.2	70495
NC_003277.2	70497
NC_003277.2	70500
NC_003277.2	70503
NC_003277.2	70509
NC_003277.2	70515
NC_003277.2	70518
NC_003277.2	70527
NC_003277.2	70536
NC_003277.2	70538
NC_003277.2	70539
NC_003277.2	70560
NC_003277.2	70563
NC_003277.2	70575
NC_003277.2	70581
NC_003277.2	70602
NC_003277.2	70603
NC_003277.2	70604
NC_003277.2	70608
NC_003277.2	70614
NC_003277.2	70623
NC_003277.2	70627
NC_003277.2	70659
NC_003277.2	70668
NC_003277.2	70671
NC_003277.2	70674
NC_003277.2	70677
NC_003277.2	70680
NC_003277.2	70704
NC_003277.2	70706
NC_003277.2	70716
NC_003277.2	70719
NC_003277.2	70722
NC_003277.2	70725
NC_003277.2	70728
NC_003277.2	70734
NC_003277.2	70743
NC_003277.2	70755
NC_003277.2	70761
NC_003277.2	70764
NC_003277.2	70779
NC_003277.2	70785
NC_003277.2	70803
NC_003277.2	70812
NC_003277.2	70818
NC_003277.2	70821
NC_003277.2	70845
NC_003277.2	70872
NC_003277.2	70875
NC_003277.2	70878
NC_003277.2	70881
NC_003277.2	70911
NC_003277.2	70919
NC_003277.2	70922
NC_003277.2	70923
NC_003277.2	70926
NC_003277.2	70929
NC_003277.2	70932
NC_003277.2	70935
NC_003277.2	70943
NC_003277.2	70944
NC_003277.2	70947
NC_003277.2	70950
NC_003277.2	70953
NC_003277.2	70956
NC_003277.2	70959
NC_003277.2	70965
NC_003277.2	70977
NC_003277.2	70980
NC_003277.2	71028
NC_003277.2	71035
NC_003277.2	71037
NC_003277.2	71058
NC_003277.2	71064
NC_003277.2	71067
NC_003277.2	71082
NC_003277.2	71094
NC_003277.2	71115
NC_003277.2	71124
NC_003277.2	71142
NC_003277.2	71151
NC_003277.2	71163
NC_003277.2	71172
NC_003277.2	71182
NC_003277.2	71184
NC_003277.2	71187
NC_003277.2	71195
NC_003277.2	71198
NC_003277.2	71206
NC_003277.2	71208
NC_003277.2	71216
NC_003277.2	71220
NC_003277.2	71229
NC_003277.2	71230
NC_003277.2	71231
NC_003277.2	71233
NC_003277.2	71238
NC_003277.2	71244
NC_003277.2	71247
NC_003277.2	71248
NC_003277.2	71250
NC_003277.2	71251
NC_003277.2	71256
NC_003277.2	71258
NC_003277.2	71261
NC_003277.2	71264
NC_003277.2	71265
NC_003277.2	71273
NC_003277.2	71275
NC_003277.2	71289
NC_003277.2	71290
NC_003277.2	71297
NC_003277.2	71302
NC_003277.2	71308
NC_003277.2	71312
NC_003277.2	71323
NC_003277.2	71326
NC_003277.2	71330
NC_003277.2	71332
NC_003277.2	71339
NC_003277.2	71341
NC_003277.2	71350
NC_003277.2	71353
NC_003277.2	71356
NC_003277.2	71399
NC_003277.2	71401
NC_003277.2	71408
NC_003277.2	71414
NC_003277.2	71416
NC_003277.2	71422
NC_003277.2	71428
NC_003277.2	71434
NC_003277.2	71435
NC_003277.2	71437
NC_003277.2	71440
NC_003277.2	71442
NC_003277.2	71446
NC_003277.2	71452
NC_003277.2	71453
NC_003277.2	71458
NC_003277.2	71464
NC_003277.2	71487
NC_003277.2	71489
NC_003277.2	71491
NC_003277.2	71497
NC_003277.2	71500
NC_003277.2	71512
NC_003277.2	71515
NC_003277.2	71518
NC_003277.2	71521
NC_003277.2	71533
NC_003277.2	71536
NC_003277.2	71554
NC_003277.2	71578
NC_003277.2	71587
NC_003277.2	71590
NC_003277.2	71593
NC_003277.2	71597
NC_003277.2	71601
NC_003277.2	71612
NC_003277.2	71613
NC_003277.2	71637
NC_003277.2	71643
NC_003277.2	71649
NC_003277.2	71652
NC_003277.2	71655
NC_003277.2	71658
NC_003277.2	71682
NC_003277.2	71683
NC_003277.2	71701
NC_003277.2	71709
NC_003277.2	71715
NC_003277.2	71718
NC_003277.2	71722
NC_003277.2	71723
NC_003277.2	71724
NC_003277.2	71727
NC_003277.2	71731
NC_003277.2	71754
NC_003277.2	71755
NC_003277.2	71756
NC_003277.2	71757
NC_003277.2	71763
NC_003277.2	71786
NC_003277.2	71793
NC_003277.2	71799
NC_003277.2	71802
NC_003277.2	71808
NC_003277.2	71814
NC_003277.2	71823
NC_003277.2	71827
NC_003277.2	71839
NC_003277.2	71848
NC_003277.2	71856
NC_003277.2	71862
NC_003277.2	71874
NC_003277.2	71877
NC_003277.2	71898
NC_003277.2	71919
NC_003277.2	71922
NC_003277.2	71946
NC_003277.2	71949
NC_003277.2	71973
NC_003277.2	71976
NC_003277.2	71990
NC_003277.2	71991
NC_003277.2	71998
NC_003277.2	72000
NC_003277.2	72024
NC_003277.2	72027
NC_003277.2	72045
NC_003277.2	72048
NC_003277.2	72066
NC_003277.2	72073
NC_003277.2	72078
NC_003277.2	72093
NC_003277.2	72114
NC_003277.2	72120
NC_003277.2	72123
NC_003277.2	72135
NC_003277.2	72138
NC_003277.2	72141
NC_003277.2	72147
NC_003277.2	72153
NC_003277.2	72154
NC_003277.2	72161
NC_003277.2	72162
NC_003277.2	72167
NC_003277.2	72168
NC_003277.2	72169
NC_003277.2	72170
NC_003277.2	72171
NC_003277.2	72173
NC_003277.2	72176
NC_003277.2	72177
NC_003277.2	72180
NC_003277.2	72189
NC_003277.2	72207
NC_003277.2	72213
NC_003277.2	72227
NC_003277.2	72230
NC_003277.2	72231
NC_003277.2	72232
NC_003277.2	72233
NC_003277.2	72248
NC_003277.2	72251
NC_003277.2	72252
NC_003277.2	72254
NC_003277.2	72257
NC_003277.2	72260
NC_003277.2	72275
NC_003277.2	72276
NC_003277.2	72280
NC_003277.2	72281
NC_003277.2	72284
NC_003277.2	72287
NC_003277.2	72291
NC_003277.2	72293
NC_003277.2	72302
NC_003277.2	72303
NC_003277.2	72305
NC_003277.2	72344
NC_003277.2	72347
NC_003277.2	72350
NC_003277.2	72356
NC_003277.2	72370
NC_003277.2	72371
NC_003277.2	72377
NC_003277.2	72386
NC_003277.2	72390
NC_003277.2	72392
NC_003277.2	72395
NC_003277.2	72398
NC_003277.2	72404
NC_003277.2	72407
NC_003277.2	72410
NC_003277.2	72413
NC_003277.2	72419
NC_003277.2	72420
NC_003277.2	72422
NC_003277.2	72426
NC_003277.2	72428
NC_003277.2	72437
NC_003277.2	72446
NC_003277.2	72447
NC_003277.2	72449
NC_003277.2	72452
NC_003277.2	72454
NC_003277.2	72459
NC_003277.2	72460
NC_003277.2	72464
NC_003277.2	72470
NC_003277.2	72476
NC_003277.2	72488
NC_003277.2	72512
NC_003277.2	72515
NC_003277.2	72521
NC_003277.2	72530
NC_003277.2	72533
NC_003277.2	72539
NC_003277.2	72554
NC_003277.2	72557
NC_003277.2	72560
NC_003277.2	72575
NC_003277.2	72584
NC_003277.2	72590
NC_003277.2	72593
NC_003277.2	72596
NC_003277.2	72617
NC_003277.2	72644
NC_003277.2	72659
NC_003277.2	72668
NC_003277.2	72672
NC_003277.2	72677
NC_003277.2	72686
NC_003277.2	72689
NC_003277.2	72701
NC_003277.2	72704
NC_003277.2	72707
NC_003277.2	72710
NC_003277.2	72713
NC_003277.2	72716
NC_003277.2	72722
NC_003277.2	72731
NC_003277.2	72754
NC_003277.2	72773
NC_003277.2	72776
NC_003277.2	72779
NC_003277.2	72791
NC_003277.2	72797
NC_003277.2	72809
NC_003277.2	72812
NC_003277.2	72831
NC_003277.2	72836
NC_003277.2	72841
NC_003277.2	72842
NC_003277.2	72845
NC_003277.2	72848
NC_003277.2	72854
NC_003277.2	72869
NC_003277.2	72872
NC_003277.2	72875
NC_003277.2	72882
NC_003277.2	72883
NC_003277.2	72884
NC_003277.2	72890
NC_003277.2	72896
NC_003277.2	72899
NC_003277.2	72914
NC_003277.2	72917
NC_003277.2	72927
NC_003277.2	72953
NC_003277.2	72956
NC_003277.2	72962
NC_003277.2	72968
NC_003277.2	72977
NC_003277.2	72986
NC_003277.2	72995
NC_003277.2	73005
NC_003277.2	73007
NC_003277.2	73012
NC_003277.2	73022
NC_003277.2	73023
NC_003277.2	73024
NC_003277.2	73037
NC_003277.2	73040
NC_003277.2	73043
NC_003277.2	73046
NC_003277.2	73049
NC_003277.2	73055
NC_003277.2	73067
NC_003277.2	73079
NC_003277.2	73085
NC_003277.2	73095
NC_003277.2	73097
NC_003277.2	73126
NC_003277.2	73127
NC_003277.2	73151
NC_003277.2	73157
NC_003277.2	73160
NC_003277.2	73166
NC_003277.2	73172
NC_003277.2	73178
NC_003277.2	73193
NC_003277.2	73196
NC_003277.2	73205
NC_003277.2	73208
NC_003277.2	73213
NC_003277.2	73215
NC_003277.2	73216
NC_003277.2	73217
NC_003277.2	73223
NC_003277.2	73226
NC_003277.2	73518
NC_003277.2	73522
NC_003277.2	73524
NC_003277.2	73529
NC_003277.2	73531
NC_003277.2	73532
NC_003277.2	73533
NC_003277.2	73536
NC_003277.2	73537
NC_003277.2	73540
NC_003277.2	73545
NC_003277.2	73546
NC_003277.2	73552
NC_003277.2	73554
NC_003277.2	73559
NC_003277.2	73561
NC_003277.2	73565
NC_003277.2	73567
NC_003277.2	73568
NC_003277.2	73570
NC_003277.2	73572
NC_003277.2	73577
NC_003277.2	73587
NC_003277.2	73590
NC_003277.2	73593
NC_003277.2	73595
NC_003277.2	73596
NC_003277.2	73599
NC_003277.2	73600
NC_003277.2	73603
NC_003277.2	73606
NC_003277.2	73639
NC_003277.2	73640
NC_003277.2	73642
NC_003277.2	73643
NC_003277.2	73645
NC_003277.2	73649
NC_003277.2	73651
NC_003277.2	73654
NC_003277.2	73655
NC_003277.2	73660
NC_003277.2	73663
NC_003277.2	73664
NC_003277.2	73665
NC_003277.2	73666
NC_003277.2	73672
NC_003277.2	73673
NC_003277.2	73674
NC_003277.2	73676
NC_003277.2	73678
NC_003277.2	73687
NC_003277.2	73693
NC_003277.2	73696
NC_003277.2	73697
NC_003277.2	73698
NC_003277.2	73703
NC_003277.2	73705
NC_003277.2	73707
NC_003277.2	73708
NC_003277.2	73710
NC_003277.2	73711
NC_003277.2	73714
NC_003277.2	73720
NC_003277.2	73721
NC_003277.2	73722
NC_003277.2	73725
NC_003277.2	73726
NC_003277.2	73732
NC_003277.2	73733
NC_003277.2	73734
NC_003277.2	73735
NC_003277.2	73750
NC_003277.2	73753
NC_003277.2	73755
NC_003277.2	73756
NC_003277.2	73759
NC_003277.2	73762
NC_003277.2	73769
NC_003277.2	73774
NC_003277.2	73782
NC_003277.2	73783
NC_003277.2	73789
NC_003277.2	73790
NC_003277.2	73791
NC_003277.2	73798
NC_003277.2	73801
NC_003277.2	73802
NC_003277.2	73807
NC_003277.2	73811
NC_003277.2	73813
NC_003277.2	73828
NC_003277.2	73843
NC_003277.2	73846
NC_003277.2	73864
NC_003277.2	73866
NC_003277.2	73876
NC_003277.2	73879
NC_003277.2	73885
NC_003277.2	73894
NC_003277.2	73898
NC_003277.2	73899
NC_003277.2	73901
NC_003277.2	73903
NC_003277.2	73906
NC_003277.2	73915
NC_003277.2	73916
NC_003277.2	73921
NC_003277.2	73924
NC_003277.2	73927
NC_003277.2	73933
NC_003277.2	73945
NC_003277.2	73948
NC_003277.2	73951
NC_003277.2	73954
NC_003277.2	73957
NC_003277.2	73960
NC_003277.2	73969
NC_003277.2	73975
NC_003277.2	73996
NC_003277.2	73999
NC_003277.2	74001
NC_003277.2	74005
NC_003277.2	74011
NC_003277.2	74018
NC_003277.2	74020
NC_003277.2	74031
NC_003277.2	74036
NC_003277.2	74038
NC_003277.2	74041
NC_003277.2	74047
NC_003277.2	74051
NC_003277.2	74053
NC_003277.2	74062
NC_003277.2	74065
NC_003277.2	74074
NC_003277.2	74075
NC_003277.2	74076
NC_003277.2	74077
NC_003277.2	74097
NC_003277.2	74099
NC_003277.2	74102
NC_003277.2	74104
NC_003277.2	74107
NC_003277.2	74114
NC_003277.2	74126
NC_003277.2	74128
NC_003277.2	74129
NC_003277.2	74137
NC_003277.2	74139
NC_003277.2	74140
NC_003277.2	74143
NC_003277.2	74146
NC_003277.2	74149
NC_003277.2	74152
NC_003277.2	74162
NC_003277.2	74165
NC_003277.2	74279
NC_003277.2	74281
NC_003277.2	74283
NC_003277.2	74297
NC_003277.2	74352
NC_003277.2	74359
NC_003277.2	74360
NC_003277.2	74361
NC_003277.2	74628
NC_003277.2	74638
NC_003277.2	74640
NC_003277.2	74644
NC_003277.2	74645
NC_003277.2	74651
NC_003277.2	74652
NC_003277.2	74659
NC_003277.2	74660
NC_003277.2	74676
NC_003277.2	74688
NC_003277.2	74691
NC_003277.2	74694
NC_003277.2	74697
NC_003277.2	74700
NC_003277.2	74709
NC_003277.2	74712
NC_003277.2	74724
NC_003277.2	74730
NC_003277.2	74732
NC_003277.2	74734
NC_003277.2	74742
NC_003277.2	74744
NC_003277.2	74746
NC_003277.2	74747
NC_003277.2	74748
NC_003277.2	74754
NC_003277.2	74757
NC_003277.2	74769
NC_003277.2	74793
NC_003277.2	74796
NC_003277.2	74799
NC_003277.2	74805
NC_003277.2	74808
NC_003277.2	74820
NC_003277.2	74826
NC_003277.2	74829
NC_003277.2	74832
NC_003277.2	74833
NC_003277.2	74835
NC_003277.2	74838
NC_003277.2	74844
NC_003277.2	74856
NC_003277.2	74860
NC_003277.2	74862
NC_003277.2	74868
NC_003277.2	74871
NC_003277.2	74874
NC_003277.2	74883
NC_003277.2	74892
NC_003277.2	74898
NC_003277.2	74901
NC_003277.2	74916
NC_003277.2	74922
NC_003277.2	74928
NC_003277.2	74940
NC_003277.2	74949
NC_003277.2	74950
NC_003277.2	74952
NC_003277.2	74954
NC_003277.2	74955
NC_003277.2	74958
NC_003277.2	74976
NC_003277.2	74979
NC_003277.2	74985
NC_003277.2	74997
NC_003277.2	75015
NC_003277.2	75029
NC_003277.2	75033
NC_003277.2	75036
NC_003277.2	75041
NC_003277.2	75051
NC_003277.2	75060
NC_003277.2	75063
NC_003277.2	75066
NC_003277.2	75072
NC_003277.2	75079
NC_003277.2	75081
NC_003277.2	75087
NC_003277.2	75090
NC_003277.2	75093
NC_003277.2	75096
NC_003277.2	75100
NC_003277.2	75101
NC_003277.2	75102
NC_003277.2	75105
NC_003277.2	75106
NC_003277.2	75111
NC_003277.2	75113
NC_003277.2	75117
NC_003277.2	75120
NC_003277.2	75126
NC_003277.2	75130
NC_003277.2	75131
NC_003277.2	75136
NC_003277.2	75149
NC_003277.2	75150
NC_003277.2	75155
NC_003277.2	75158
NC_003277.2	75159
NC_003277.2	75163
NC_003277.2	75173
NC_003277.2	75174
NC_003277.2	75175
NC_003277.2	75177
NC_003277.2	75180
NC_003277.2	75181
NC_003277.2	75186
NC_003277.2	75188
NC_003277.2	75189
NC_003277.2	75190
NC_003277.2	75212
NC_003277.2	75219
NC_003277.2	75220
NC_003277.2	75223
NC_003277.2	75225
NC_003277.2	75226
NC_003277.2	75229
NC_003277.2	75234
NC_003277.2	75235
NC_003277.2	75237
NC_003277.2	75239
NC_003277.2	75241
NC_003277.2	75242
NC_003277.2	75243
NC_003277.2	75244
NC_003277.2	75247
NC_003277.2	75249
NC_003277.2	75251
NC_003277.2	75258
NC_003277.2	75260
NC_003277.2	75264
NC_003277.2	75269
NC_003277.2	75270
NC_003277.2	75280
NC_003277.2	75286
NC_003277.2	75291
NC_003277.2	75293
NC_003277.2	75296
NC_003277.2	75298
NC_003277.2	75300
NC_003277.2	75302
NC_003277.2	75305
NC_003277.2	75309
NC_003277.2	75310
NC_003277.2	75311
NC_003277.2	75314
NC_003277.2	75315
NC_003277.2	75318
NC_003277.2	75330
NC_003277.2	75331
NC_003277.2	75332
NC_003277.2	75334
NC_003277.2	75336
NC_003277.2	75339
NC_003277.2	75340
NC_003277.2	75341
NC_003277.2	75343
NC_003277.2	75354
NC_003277.2	75357
NC_003277.2	75358
NC_003277.2	75363
NC_003277.2	75366
NC_003277.2	75369
NC_003277.2	75373
NC_003277.2	75377
NC_003277.2	75378
NC_003277.2	75381
NC_003277.2	75385
NC_003277.2	75386
NC_003277.2	75388
NC_003277.2	75389
NC_003277.2	75390
NC_003277.2	75391
NC_003277.2	75394
NC_003277.2	75395
NC_003277.2	75398
NC_003277.2	75400
NC_003277.2	75405
NC_003277.2	75407
NC_003277.2	75408
NC_003277.2	75411
NC_003277.2	75415
NC_003277.2	75416
NC_003277.2	75419
NC_003277.2	75421
NC_003277.2	75423
NC_003277.2	75424
NC_003277.2	75430
NC_003277.2	75435
NC_003277.2	75438
NC_003277.2	75442
NC_003277.2	75449
NC_003277.2	75450
NC_003277.2	75459
NC_003277.2	75467
NC_003277.2	75468
NC_003277.2	75475
NC_003277.2	75486
NC_003277.2	75487
NC_003277.2	75493
NC_003277.2	75494
NC_003277.2	75498
NC_003277.2	75500
NC_003277.2	75507
NC_003277.2	75508
NC_003277.2	75511
NC_003277.2	75512
NC_003277.2	75515
NC_003277.2	75519
NC_003277.2	75534
NC_003277.2	75536
NC_003277.2	75537
NC_003277.2	75543
NC_003277.2	75545
NC_003277.2	75549
NC_003277.2	75551
NC_003277.2	75552
NC_003277.2	75557
NC_003277.2	75559
NC_003277.2	75560
NC_003277.2	75561
NC_003277.2	75570
NC_003277.2	75571
NC_003277.2	75573
NC_003277.2	75577
NC_003277.2	75579
NC_003277.2	75582
NC_003277.2	75585
NC_003277.2	75587
NC_003277.2	75588
NC_003277.2	75590
NC_003277.2	75591
NC_003277.2	75594
NC_003277.2	75595
NC_003277.2	75596
NC_003277.2	75602
NC_003277.2	75603
NC_003277.2	75606
NC_003277.2	75609
NC_003277.2	75610
NC_003277.2	75612
NC_003277.2	75613
NC_003277.2	75615
NC_003277.2	75617
NC_003277.2	75618
NC_003277.2	75622
NC_003277.2	75627
NC_003277.2	75632
NC_003277.2	75648
NC_003277.2	75651
NC_003277.2	75653
NC_003277.2	75654
NC_003277.2	75663
NC_003277.2	75669
NC_003277.2	75672
NC_003277.2	75678
NC_003277.2	75681
NC_003277.2	75687
NC_003277.2	75691
NC_003277.2	75693
NC_003277.2	75696
NC_003277.2	75697
NC_003277.2	75698
NC_003277.2	75699
NC_003277.2	75708
NC_003277.2	75717
NC_003277.2	75722
NC_003277.2	75726
NC_003277.2	75729
NC_003277.2	75738
NC_003277.2	75744
NC_003277.2	75749
NC_003277.2	75750
NC_003277.2	75753
NC_003277.2	75756
NC_003277.2	75757
NC_003277.2	75762
NC_003277.2	75771
NC_003277.2	75774
NC_003277.2	75780
NC_003277.2	75789
NC_003277.2	75795
NC_003277.2	75801
NC_003277.2	75807
NC_003277.2	75810
NC_003277.2	75813
NC_003277.2	75817
NC_003277.2	75819
NC_003277.2	75825
NC_003277.2	75828
NC_003277.2	75831
NC_003277.2	75834
NC_003277.2	75840
NC_003277.2	75849
NC_003277.2	75864
NC_003277.2	75873
NC_003277.2	75874
NC_003277.2	75879
NC_003277.2	75890
NC_003277.2	75894
NC_003277.2	75897
NC_003277.2	75900
NC_003277.2	75903
NC_003277.2	75906
NC_003277.2	75915
NC_003277.2	75921
NC_003277.2	75924
NC_003277.2	75933
NC_003277.2	75939
NC_003277.2	75945
NC_003277.2	75954
NC_003277.2	75955
NC_003277.2	75957
NC_003277.2	75960
NC_003277.2	75969
NC_003277.2	75978
NC_003277.2	75990
NC_003277.2	76002
NC_003277.2	76011
NC_003277.2	76035
NC_003277.2	76044
NC_003277.2	76056
NC_003277.2	76062
NC_003277.2	76071
NC_003277.2	76077
NC_003277.2	76083
NC_003277.2	76086
NC_003277.2	76092
NC_003277.2	76102
NC_003277.2	76104
NC_003277.2	76116
NC_003277.2	76128
NC_003277.2	76131
NC_003277.2	76143
NC_003277.2	76146
NC_003277.2	76149
NC_003277.2	76161
NC_003277.2	76170
NC_003277.2	76179
NC_003277.2	76185
NC_003277.2	76236
NC_003277.2	76239
NC_003277.2	76244
NC_003277.2	76251
NC_003277.2	76254
NC_003277.2	76261
NC_003277.2	76263
NC_003277.2	76266
NC_003277.2	76278
NC_003277.2	76284
NC_003277.2	76287
NC_003277.2	76290
NC_003277.2	76293
NC_003277.2	76296
NC_003277.2	76299
NC_003277.2	76306
NC_003277.2	76308
NC_003277.2	76312
NC_003277.2	76314
NC_003277.2	76329
NC_003277.2	76330
NC_003277.2	76335
NC_003277.2	76385
NC_003277.2	76386
NC_003277.2	76393
NC_003277.2	76398
NC_003277.2	76407
NC_003277.2	76410
NC_003277.2	76416
NC_003277.2	76422
NC_003277.2	76433
NC_003277.2	76447
NC_003277.2	76449
NC_003277.2	76474
NC_003277.2	76475
NC_003277.2	76477
NC_003277.2	76481
NC_003277.2	76483
NC_003277.2	76484
NC_003277.2	76487
NC_003277.2	76489
NC_003277.2	76494
NC_003277.2	76495
NC_003277.2	76501
NC_003277.2	76504
NC_003277.2	76510
NC_003277.2	76516
NC_003277.2	76525
NC_003277.2	76532
NC_003277.2	76539
NC_003277.2	76540
NC_003277.2	76541
NC_003277.2	76542
NC_003277.2	76549
NC_003277.2	76552
NC_003277.2	76554
NC_003277.2	76555
NC_003277.2	76558
NC_003277.2	76562
NC_003277.2	76568
NC_003277.2	76570
NC_003277.2	76574
NC_003277.2	76576
NC_003277.2	76577
NC_003277.2	76580
NC_003277.2	76583
NC_003277.2	76584
NC_003277.2	76586
NC_003277.2	76587
NC_003277.2	76590
NC_003277.2	76596
NC_003277.2	76597
NC_003277.2	76598
NC_003277.2	76602
NC_003277.2	76603
NC_003277.2	76604
NC_003277.2	76605
NC_003277.2	76606
NC_003277.2	76610
NC_003277.2	76611
NC_003277.2	76612
NC_003277.2	76615
NC_003277.2	76621
NC_003277.2	76622
NC_003277.2	76626
NC_003277.2	76628
NC_003277.2	76629
NC_003277.2	76630
NC_003277.2	76634
NC_003277.2	76635
NC_003277.2	76636
NC_003277.2	76637
NC_003277.2	76638
NC_003277.2	76648
NC_003277.2	76649
NC_003277.2	76650
NC_003277.2	76655
NC_003277.2	76657
NC_003277.2	76661
NC_003277.2	76662
NC_003277.2	76663
NC_003277.2	76671
NC_003277.2	76672
NC_003277.2	76673
NC_003277.2	76674
NC_003277.2	76677
NC_003277.2	76682
NC_003277.2	76684
NC_003277.2	76687
NC_003277.2	76688
NC_003277.2	76693
NC_003277.2	76700
NC_003277.2	76703
NC_003277.2	76704
NC_003277.2	76705
NC_003277.2	76708
NC_003277.2	76711
NC_003277.2	76712
NC_003277.2	76722
NC_003277.2	76723
NC_003277.2	76727
NC_003277.2	76729
NC_003277.2	76731
NC_003277.2	76737
NC_003277.2	76739
NC_003277.2	76740
NC_003277.2	76752
NC_003277.2	76755
NC_003277.2	76773
NC_003277.2	76774
NC_003277.2	76775
NC_003277.2	76776
NC_003277.2	76778
NC_003277.2	76784
NC_003277.2	76791
NC_003277.2	76792
NC_003277.2	76793
NC_003277.2	76799
NC_003277.2	76802
NC_003277.2	76803
NC_003277.2	76804
NC_003277.2	76810
NC_003277.2	76812
NC_003277.2	76819
NC_003277.2	76820
NC_003277.2	76821
NC_003277.2	76833
NC_003277.2	76849
NC_003277.2	76851
NC_003277.2	76852
NC_003277.2	76854
NC_003277.2	76857
NC_003277.2	76866
NC_003277.2	76884
NC_003277.2	76887
NC_003277.2	76893
NC_003277.2	76908
NC_003277.2	76953
NC_003277.2	76962
NC_003277.2	76973
NC_003277.2	77007
NC_003277.2	77037
NC_003277.2	77052
NC_003277.2	77055
NC_003277.2	77067
NC_003277.2	77078
NC_003277.2	77079
NC_003277.2	77085
NC_003277.2	77088
NC_003277.2	77097
NC_003277.2	77098
NC_003277.2	77100
NC_003277.2	77103
NC_003277.2	77121
NC_003277.2	77139
NC_003277.2	77154
NC_003277.2	77160
NC_003277.2	77175
NC_003277.2	77187
NC_003277.2	77188
NC_003277.2	77190
NC_003277.2	77191
NC_003277.2	77192
NC_003277.2	77193
NC_003277.2	77196
NC_003277.2	77199
NC_003277.2	77208
NC_003277.2	77214
NC_003277.2	77217
NC_003277.2	77220
NC_003277.2	77221
NC_003277.2	77229
NC_003277.2	77232
NC_003277.2	77241
NC_003277.2	77245
NC_003277.2	77248
NC_003277.2	77257
NC_003277.2	77259
NC_003277.2	77262
NC_003277.2	77263
NC_003277.2	77286
NC_003277.2	77289
NC_003277.2	77292
NC_003277.2	77322
NC_003277.2	77343
NC_003277.2	77352
NC_003277.2	77361
NC_003277.2	77368
NC_003277.2	77400
NC_003277.2	77403
NC_003277.2	77406
NC_003277.2	77418
NC_003277.2	77424
NC_003277.2	77429
NC_003277.2	77432
NC_003277.2	77435
NC_003277.2	77437
NC_003277.2	77442
NC_003277.2	77448
NC_003277.2	77453
NC_003277.2	77456
NC_003277.2	77470
NC_003277.2	77480
NC_003277.2	77486
NC_003277.2	77489
NC_003277.2	77491
NC_003277.2	77496
NC_003277.2	77497
NC_003277.2	77498
NC_003277.2	77500
NC_003277.2	77503
NC_003277.2	77506
NC_003277.2	77509
NC_003277.2	77513
NC_003277.2	77515
NC_003277.2	77519
NC_003277.2	77521
NC_003277.2	77540
NC_003277.2	77542
NC_003277.2	77544
NC_003277.2	77545
NC_003277.2	77550
NC_003277.2	77563
NC_003277.2	77566
NC_003277.2	77567
NC_003277.2	77569
NC_003277.2	77571
NC_003277.2	77573
NC_003277.2	77577
NC_003277.2	77587
NC_003277.2	77588
NC_003277.2	77590
NC_003277.2	77599
NC_003277.2	77601
NC_003277.2	77611
NC_003277.2	77613
NC_003277.2	77617
NC_003277.2	77624
NC_003277.2	77629
NC_003277.2	77634
NC_003277.2	77636
NC_003277.2	77637
NC_003277.2	77639
NC_003277.2	77640
NC_003277.2	77648
NC_003277.2	77661
NC_003277.2	77664
NC_003277.2	77685
NC_003277.2	77689
NC_003277.2	77691
NC_003277.2	77697
NC_003277.2	77700
NC_003277.2	77709
NC_003277.2	77721
NC_003277.2	77724
NC_003277.2	77729
NC_003277.2	77730
NC_003277.2	77733
NC_003277.2	77736
NC_003277.2	77743
NC_003277.2	77764
NC_003277.2	77775
NC_003277.2	77776
NC_003277.2	77784
NC_003277.2	77785
NC_003277.2	77786
NC_003277.2	77790
NC_003277.2	77793
NC_003277.2	77797
NC_003277.2	77801
NC_003277.2	77808
NC_003277.2	77813
NC_003277.2	77826
NC_003277.2	77832
NC_003277.2	77838
NC_003277.2	77858
NC_003277.2	77860
NC_003277.2	77861
NC_003277.2	77872
NC_003277.2	77874
NC_003277.2	77877
NC_003277.2	77878
NC_003277.2	77879
NC_003277.2	77880
NC_003277.2	77886
NC_003277.2	77887
NC_003277.2	77888
NC_003277.2	77891
NC_003277.2	77894
NC_003277.2	77897
NC_003277.2	77900
NC_003277.2	77901
NC_003277.2	77903
NC_003277.2	77906
NC_003277.2	77907
NC_003277.2	77908
NC_003277.2	77912
NC_003277.2	77915
NC_003277.2	77916
NC_003277.2	77918
NC_003277.2	77921
NC_003277.2	77934
NC_003277.2	77938
NC_003277.2	77939
NC_003277.2	77941
NC_003277.2	77942
NC_003277.2	77945
NC_003277.2	77959
NC_003277.2	77963
NC_003277.2	77964
NC_003277.2	77966
NC_003277.2	77967
NC_003277.2	77969
NC_003277.2	77973
NC_003277.2	77974
NC_003277.2	77977
NC_003277.2	77978
NC_003277.2	77980
NC_003277.2	77989
NC_003277.2	77995
NC_003277.2	77998
NC_003277.2	78007
NC_003277.2	78010
NC_003277.2	78012
NC_003277.2	78013
NC_003277.2	78016
NC_003277.2	78022
NC_003277.2	78025
NC_003277.2	78034
NC_003277.2	78036
NC_003277.2	78038
NC_003277.2	78042
NC_003277.2	78046
NC_003277.2	78051
NC_003277.2	78053
NC_003277.2	78061
NC_003277.2	78064
NC_003277.2	78067
NC_003277.2	78068
NC_003277.2	78071
NC_003277.2	78072
NC_003277.2	78073
NC_003277.2	78078
NC_003277.2	78081
NC_003277.2	78084
NC_003277.2	78091
NC_003277.2	78103
NC_003277.2	78106
NC_003277.2	78118
NC_003277.2	78120
NC_003277.2	78121
NC_003277.2	78122
NC_003277.2	78123
NC_003277.2	78133
NC_003277.2	78145
NC_003277.2	78152
NC_003277.2	78157
NC_003277.2	78163
NC_003277.2	78166
NC_003277.2	78167
NC_003277.2	78175
NC_003277.2	78177
NC_003277.2	78178
NC_003277.2	78205
NC_003277.2	78209
NC_003277.2	78223
NC_003277.2	78226
NC_003277.2	78232
NC_003277.2	78235
NC_003277.2	78238
NC_003277.2	78241
NC_003277.2	78244
NC_003277.2	78253
NC_003277.2	78256
NC_003277.2	78266
NC_003277.2	78267
NC_003277.2	78271
NC_003277.2	78283
NC_003277.2	78284
NC_003277.2	78291
NC_003277.2	78292
NC_003277.2	78295
NC_003277.2	78301
NC_003277.2	78322
NC_003277.2	78328
NC_003277.2	78331
NC_003277.2	78334
NC_003277.2	78340
NC_003277.2	78346
NC_003277.2	78349
NC_003277.2	78352
NC_003277.2	78358
NC_003277.2	78364
NC_003277.2	78370
NC_003277.2	78376
NC_003277.2	78385
NC_003277.2	78391
NC_003277.2	78400
NC_003277.2	78403
NC_003277.2	78406
NC_003277.2	78409
NC_003277.2	78424
NC_003277.2	78461
NC_003277.2	78462
NC_003277.2	78470
NC_003277.2	78475
NC_003277.2	78479
NC_003277.2	78488
NC_003277.2	78492
NC_003277.2	78494
NC_003277.2	78495
NC_003277.2	78497
NC_003277.2	78498
NC_003277.2	78500
NC_003277.2	78504
NC_003277.2	78506
NC_003277.2	78509
NC_003277.2	78510
NC_003277.2	78512
NC_003277.2	78513
NC_003277.2	78518
NC_003277.2	78522
NC_003277.2	78530
NC_003277.2	78532
NC_003277.2	78533
NC_003277.2	78536
NC_003277.2	78539
NC_003277.2	78560
NC_003277.2	78569
NC_003277.2	78572
NC_003277.2	78584
NC_003277.2	78587
NC_003277.2	78605
NC_003277.2	78606
NC_003277.2	78607
NC_003277.2	78620
NC_003277.2	78626
NC_003277.2	78629
NC_003277.2	78632
NC_003277.2	78638
NC_003277.2	78640
NC_003277.2	78644
NC_003277.2	78650
NC_003277.2	78651
NC_003277.2	78653
NC_003277.2	78662
NC_003277.2	78665
NC_003277.2	78671
NC_003277.2	78680
NC_003277.2	78687
NC_003277.2	78689
NC_003277.2	78698
NC_003277.2	78719
NC_003277.2	78722
NC_003277.2	78725
NC_003277.2	78734
NC_003277.2	78749
NC_003277.2	78755
NC_003277.2	78758
NC_003277.2	78764
NC_003277.2	78765
NC_003277.2	78774
NC_003277.2	78788
NC_003277.2	78803
NC_003277.2	78806
NC_003277.2	78809
NC_003277.2	78812
NC_003277.2	78815
NC_003277.2	78821
NC_003277.2	78833
NC_003277.2	78842
NC_003277.2	78863
NC_003277.2	78869
NC_003277.2	78872
NC_003277.2	78875
NC_003277.2	78890
NC_003277.2	78891
NC_003277.2	78892
NC_003277.2	78917
NC_003277.2	78942
NC_003277.2	78944
NC_003277.2	78947
NC_003277.2	78959
NC_003277.2	78960
NC_003277.2	78961
NC_003277.2	78962
NC_003277.2	78965
NC_003277.2	78971
NC_003277.2	78980
NC_003277.2	78983
NC_003277.2	78989
NC_003277.2	79022
NC_003277.2	79031
NC_003277.2	79034
NC_003277.2	79052
NC_003277.2	79055
NC_003277.2	79062
NC_003277.2	79067
NC_003277.2	79091
NC_003277.2	79121
NC_003277.2	79124
NC_003277.2	79142
NC_003277.2	79143
NC_003277.2	79145
NC_003277.2	79157
NC_003277.2	79175
NC_003277.2	79190
NC_003277.2	79208
NC_003277.2	79217
NC_003277.2	79223
NC_003277.2	79240
NC_003277.2	79241
NC_003277.2	79244
NC_003277.2	79248
NC_003277.2	79250
NC_003277.2	79262
NC_003277.2	79268
NC_003277.2	79269
NC_003277.2	79271
NC_003277.2	79283
NC_003277.2	79284
NC_003277.2	79286
NC_003277.2	79298
NC_003277.2	79301
NC_003277.2	79304
NC_003277.2	79307
NC_003277.2	79310
NC_003277.2	79313
NC_003277.2	79322
NC_003277.2	79328
NC_003277.2	79343
NC_003277.2	79352
NC_003277.2	79358
NC_003277.2	79367
NC_003277.2	79370
NC_003277.2	79373
NC_003277.2	79376
NC_003277.2	79379
NC_003277.2	79385
NC_003277.2	79388
NC_003277.2	79391
NC_003277.2	79394
NC_003277.2	79403
NC_003277.2	79406
NC_003277.2	79409
NC_003277.2	79413
NC_003277.2	79418
NC_003277.2	79439
NC_003277.2	79445
NC_003277.2	79448
NC_003277.2	79455
NC_003277.2	79457
NC_003277.2	79469
NC_003277.2	79475
NC_003277.2	79481
NC_003277.2	79493
NC_003277.2	79496
NC_003277.2	79529
NC_003277.2	79532
NC_003277.2	79535
NC_003277.2	79537
NC_003277.2	79550
NC_003277.2	79562
NC_003277.2	79571
NC_003277.2	79592
NC_003277.2	79595
NC_003277.2	79607
NC_003277.2	79634
NC_003277.2	79637
NC_003277.2	79649
NC_003277.2	79652
NC_003277.2	79667
NC_003277.2	79669
NC_003277.2	79676
NC_003277.2	79685
NC_003277.2	79688
NC_003277.2	79700
NC_003277.2	79704
NC_003277.2	79706
NC_003277.2	79709
NC_003277.2	79713
NC_003277.2	79715
NC_003277.2	79721
NC_003277.2	79727
NC_003277.2	79754
NC_003277.2	79775
NC_003277.2	79784
NC_003277.2	79787
NC_003277.2	79802
NC_003277.2	79823
NC_003277.2	79826
NC_003277.2	79829
NC_003277.2	79832
NC_003277.2	79833
NC_003277.2	79835
NC_003277.2	79836
NC_003277.2	79840
NC_003277.2	79846
NC_003277.2	79852
NC_003277.2	79858
NC_003277.2	79867
NC_003277.2	79870
NC_003277.2	79873
NC_003277.2	79877
NC_003277.2	79880
NC_003277.2	79882
NC_003277.2	79894
NC_003277.2	79903
NC_003277.2	79909
NC_003277.2	79913
NC_003277.2	79915
NC_003277.2	79930
NC_003277.2	79948
NC_003277.2	79951
NC_003277.2	79960
NC_003277.2	79964
NC_003277.2	79966
NC_003277.2	79973
NC_003277.2	79976
NC_003277.2	79993
NC_003277.2	80009
NC_003277.2	80022
NC_003277.2	80035
NC_003277.2	80039
NC_003277.2	80047
NC_003277.2	80053
NC_003277.2	80055
NC_003277.2	80056
NC_003277.2	80059
NC_003277.2	80062
NC_003277.2	80068
NC_003277.2	80071
NC_003277.2	80077
NC_003277.2	80089
NC_003277.2	80098
NC_003277.2	80100
NC_003277.2	80101
NC_003277.2	80105
NC_003277.2	80112
NC_003277.2	80137
NC_003277.2	80138
NC_003277.2	80140
NC_003277.2	80143
NC_003277.2	80149
NC_003277.2	80161
NC_003277.2	80173
NC_003277.2	80185
NC_003277.2	80188
NC_003277.2	80197
NC_003277.2	80199
NC_003277.2	80200
NC_003277.2	80201
NC_003277.2	80203
NC_003277.2	80206
NC_003277.2	80215
NC_003277.2	80216
NC_003277.2	80230
NC_003277.2	80233
NC_003277.2	80236
NC_003277.2	80245
NC_003277.2	80248
NC_003277.2	80258
NC_003277.2	80260
NC_003277.2	80261
NC_003277.2	80262
NC_003277.2	80263
NC_003277.2	80272
NC_003277.2	80275
NC_003277.2	80278
NC_003277.2	80279
NC_003277.2	80284
NC_003277.2	80287
NC_003277.2	80300
NC_003277.2	80301
NC_003277.2	80302
NC_003277.2	80305
NC_003277.2	80308
NC_003277.2	80311
NC_003277.2	80317
NC_003277.2	80320
NC_003277.2	80323
NC_003277.2	80332
NC_003277.2	80336
NC_003277.2	80353
NC_003277.2	80356
NC_003277.2	80365
NC_003277.2	80366
NC_003277.2	80368
NC_003277.2	80374
NC_003277.2	80377
NC_003277.2	80385
NC_003277.2	80386
NC_003277.2	80390
NC_003277.2	80391
NC_003277.2	80395
NC_003277.2	80401
NC_003277.2	80419
NC_003277.2	80422
NC_003277.2	80429
NC_003277.2	80437
NC_003277.2	80448
NC_003277.2	80449
NC_003277.2	80456
NC_003277.2	80461
NC_003277.2	80464
NC_003277.2	80470
NC_003277.2	80485
NC_003277.2	80486
NC_003277.2	80489
NC_003277.2	80509
NC_003277.2	80512
NC_003277.2	80516
NC_003277.2	80520
NC_003277.2	80521
NC_003277.2	80524
NC_003277.2	80527
NC_003277.2	80530
NC_003277.2	80547
NC_003277.2	80548
NC_003277.2	80555
NC_003277.2	80563
NC_003277.2	80566
NC_003277.2	80567
NC_003277.2	80569
NC_003277.2	80572
NC_003277.2	80575
NC_003277.2	80578
NC_003277.2	80579
NC_003277.2	80587
NC_003277.2	80593
NC_003277.2	80594
NC_003277.2	80595
NC_003277.2	80596
NC_003277.2	80600
NC_003277.2	80602
NC_003277.2	80603
NC_003277.2	80605
NC_003277.2	80615
NC_003277.2	80620
NC_003277.2	80628
NC_003277.2	80632
NC_003277.2	80635
NC_003277.2	80636
NC_003277.2	80638
NC_003277.2	80656
NC_003277.2	80659
NC_003277.2	80660
NC_003277.2	80668
NC_003277.2	80671
NC_003277.2	80674
NC_003277.2	80677
NC_003277.2	80680
NC_003277.2	80686
NC_003277.2	80689
NC_003277.2	80702
NC_003277.2	80710
NC_003277.2	80716
NC_003277.2	80722
NC_003277.2	80723
NC_003277.2	80725
NC_003277.2	80731
NC_003277.2	80752
NC_003277.2	80755
NC_003277.2	80764
NC_003277.2	80767
NC_003277.2	80774
NC_003277.2	80777
NC_003277.2	80791
NC_003277.2	80795
NC_003277.2	80801
NC_003277.2	80803
NC_003277.2	80809
NC_003277.2	80811
NC_003277.2	80812
NC_003277.2	80818
NC_003277.2	80822
NC_003277.2	80823
NC_003277.2	80824
NC_003277.2	80830
NC_003277.2	80833
NC_003277.2	80837
NC_003277.2	80838
NC_003277.2	80845
NC_003277.2	80851
NC_003277.2	80854
NC_003277.2	80864
NC_003277.2	80866
NC_003277.2	80872
NC_003277.2	80878
NC_003277.2	80887
NC_003277.2	80890
NC_003277.2	80905
NC_003277.2	80908
NC_003277.2	80917
NC_003277.2	80923
NC_003277.2	80939
NC_003277.2	80945
NC_003277.2	80953
NC_003277.2	80954
NC_003277.2	80957
NC_003277.2	80962
NC_003277.2	80984
NC_003277.2	80985
NC_003277.2	80986
NC_003277.2	80989
NC_003277.2	80998
NC_003277.2	81010
NC_003277.2	81022
NC_003277.2	81025
NC_003277.2	81029
NC_003277.2	81031
NC_003277.2	81034
NC_003277.2	81052
NC_003277.2	81064
NC_003277.2	81067
NC_003277.2	81070
NC_003277.2	81073
NC_003277.2	81076
NC_003277.2	81082
NC_003277.2	81086
NC_003277.2	81100
NC_003277.2	81101
NC_003277.2	81103
NC_003277.2	81106
NC_003277.2	81118
NC_003277.2	81120
NC_003277.2	81121
NC_003277.2	81124
NC_003277.2	81127
NC_003277.2	81130
NC_003277.2	81133
NC_003277.2	81145
NC_003277.2	81148
NC_003277.2	81157
NC_003277.2	81160
NC_003277.2	81163
NC_003277.2	81166
NC_003277.2	81169
NC_003277.2	81170
NC_003277.2	81184
NC_003277.2	81196
NC_003277.2	81198
NC_003277.2	81199
NC_003277.2	81200
NC_003277.2	81202
NC_003277.2	81208
NC_003277.2	81214
NC_003277.2	81220
NC_003277.2	81244
NC_003277.2	81250
NC_003277.2	81256
NC_003277.2	81268
NC_003277.2	81277
NC_003277.2	81286
NC_003277.2	81292
NC_003277.2	81300
NC_003277.2	81301
NC_003277.2	81313
NC_003277.2	81319
NC_003277.2	81322
NC_003277.2	81328
NC_003277.2	81331
NC_003277.2	81340
NC_003277.2	81346
NC_003277.2	81355
NC_003277.2	81364
NC_003277.2	81370
NC_003277.2	81374
NC_003277.2	81375
NC_003277.2	81380
NC_003277.2	81382
NC_003277.2	81383
NC_003277.2	81385
NC_003277.2	81391
NC_003277.2	81392
NC_003277.2	81393
NC_003277.2	81394
NC_003277.2	81400
NC_003277.2	81403
NC_003277.2	81406
NC_003277.2	81409
NC_003277.2	81415
NC_003277.2	81427
NC_003277.2	81433
NC_003277.2	81439
NC_003277.2	81450
NC_003277.2	81452
NC_003277.2	81453
NC_003277.2	81454
NC_003277.2	81466
NC_003277.2	81478
NC_003277.2	81493
NC_003277.2	81499
NC_003277.2	81508
NC_003277.2	81509
NC_003277.2	81517
NC_003277.2	81523
NC_003277.2	81526
NC_003277.2	81527
NC_003277.2	81529
NC_003277.2	81538
NC_003277.2	81544
NC_003277.2	81547
NC_003277.2	81550
NC_003277.2	81553
NC_003277.2	81557
NC_003277.2	81574
NC_003277.2	81583
NC_003277.2	81589
NC_003277.2	81595
NC_003277.2	81607
NC_003277.2	81640
NC_003277.2	81664
NC_003277.2	81667
NC_003277.2	81668
NC_003277.2	81676
NC_003277.2	81680
NC_003277.2	81682
NC_003277.2	81692
NC_003277.2	81695
NC_003277.2	81696
NC_003277.2	81697
NC_003277.2	81702
NC_003277.2	81706
NC_003277.2	81709
NC_003277.2	81715
NC_003277.2	81721
NC_003277.2	81722
NC_003277.2	81723
NC_003277.2	81727
NC_003277.2	81730
NC_003277.2	81736
NC_003277.2	81737
NC_003277.2	81739
NC_003277.2	81741
NC_003277.2	81742
NC_003277.2	81745
NC_003277.2	81748
NC_003277.2	81751
NC_003277.2	81752
NC_003277.2	81754
NC_003277.2	81757
NC_003277.2	81760
NC_003277.2	81769
NC_003277.2	81771
NC_003277.2	81772
NC_003277.2	81780
NC_003277.2	81783
NC_003277.2	81784
NC_003277.2	81793
NC_003277.2	81796
NC_003277.2	81797
NC_003277.2	81805
NC_003277.2	81811
NC_003277.2	81817
NC_003277.2	81821
NC_003277.2	81839
NC_003277.2	81847
NC_003277.2	81848
NC_003277.2	81856
NC_003277.2	81861
NC_003277.2	81865
NC_003277.2	81870
NC_003277.2	81872
NC_003277.2	81874
NC_003277.2	81882
NC_003277.2	81883
NC_003277.2	81886
NC_003277.2	81889
NC_003277.2	81892
NC_003277.2	81895
NC_003277.2	81901
NC_003277.2	81919
NC_003277.2	81922
NC_003277.2	81925
NC_003277.2	81928
NC_003277.2	81940
NC_003277.2	81946
NC_003277.2	81967
NC_003277.2	81973
NC_003277.2	81982
NC_003277.2	81985
NC_003277.2	81986
NC_003277.2	81994
NC_003277.2	82009
NC_003277.2	82021
NC_003277.2	82033
NC_003277.2	82039
NC_003277.2	82040
NC_003277.2	82057
NC_003277.2	82066
NC_003277.2	82072
NC_003277.2	82081
NC_003277.2	82105
NC_003277.2	82111
NC_003277.2	82112
NC_003277.2	82117
NC_003277.2	82120
NC_003277.2	82128
NC_003277.2	82129
NC_003277.2	82130
NC_003277.2	82132
NC_003277.2	82134
NC_003277.2	82139
NC_003277.2	82140
NC_003277.2	82141
NC_003277.2	82144
NC_003277.2	82147
NC_003277.2	82153
NC_003277.2	82162
NC_003277.2	82166
NC_003277.2	82167
NC_003277.2	82180
NC_003277.2	82186
NC_003277.2	82189
NC_003277.2	82196
NC_003277.2	82198
NC_003277.2	82207
NC_003277.2	82216
NC_003277.2	82222
NC_003277.2	82226
NC_003277.2	82228
NC_003277.2	82240
NC_003277.2	82246
NC_003277.2	82258
NC_003277.2	82271
NC_003277.2	82273
NC_003277.2	82277
NC_003277.2	82282
NC_003277.2	82285
NC_003277.2	82288
NC_003277.2	82291
NC_003277.2	82294
NC_003277.2	82296
NC_003277.2	82297
NC_003277.2	82300
NC_003277.2	82306
NC_003277.2	82308
NC_003277.2	82309
NC_003277.2	82314
NC_003277.2	82326
NC_003277.2	82327
NC_003277.2	82329
NC_003277.2	82330
NC_003277.2	82337
NC_003277.2	82339
NC_003277.2	82340
NC_003277.2	82342
NC_003277.2	82345
NC_003277.2	82356
NC_003277.2	82357
NC_003277.2	82366
NC_003277.2	82368
NC_003277.2	82369
NC_003277.2	82370
NC_003277.2	82372
NC_003277.2	82375
NC_003277.2	82379
NC_003277.2	82381
NC_003277.2	82386
NC_003277.2	82400
NC_003277.2	82415
NC_003277.2	82417
NC_003277.2	82441
NC_003277.2	82444
NC_003277.2	82446
NC_003277.2	82447
NC_003277.2	82448
NC_003277.2	82449
NC_003277.2	82451
NC_003277.2	82456
NC_003277.2	82457
NC_003277.2	82458
NC_003277.2	82459
NC_003277.2	82466
NC_003277.2	82468
NC_003277.2	82469
NC_003277.2	82471
NC_003277.2	82473
NC_003277.2	82474
NC_003277.2	82477
NC_003277.2	82479
NC_003277.2	82480
NC_003277.2	82483
NC_003277.2	82486
NC_003277.2	82492
NC_003277.2	82494
NC_003277.2	82501
NC_003277.2	82502
NC_003277.2	82515
NC_003277.2	82516
NC_003277.2	82519
NC_003277.2	82525
NC_003277.2	82528
NC_003277.2	82529
NC_003277.2	82540
NC_003277.2	82544
NC_003277.2	82576
NC_003277.2	82577
NC_003277.2	82579
NC_003277.2	82581
NC_003277.2	82582
NC_003277.2	82591
NC_003277.2	82597
NC_003277.2	82600
NC_003277.2	82603
NC_003277.2	82606
NC_003277.2	82612
NC_003277.2	82613
NC_003277.2	82615
NC_003277.2	82627
NC_003277.2	82630
NC_003277.2	82636
NC_003277.2	82657
NC_003277.2	82660
NC_003277.2	82664
NC_003277.2	82665
NC_003277.2	82666
NC_003277.2	82667
NC_003277.2	82668
NC_003277.2	82672
NC_003277.2	82673
NC_003277.2	82679
NC_003277.2	82682
NC_003277.2	82683
NC_003277.2	82702
NC_003277.2	82707
NC_003277.2	82717
NC_003277.2	82721
NC_003277.2	82729
NC_003277.2	82744
NC_003277.2	82750
NC_003277.2	82759
NC_003277.2	82762
NC_003277.2	82770
NC_003277.2	82771
NC_003277.2	82772
NC_003277.2	82782
NC_003277.2	82783
NC_003277.2	82787
NC_003277.2	82789
NC_003277.2	82790
NC_003277.2	82792
NC_003277.2	82795
NC_003277.2	82804
NC_003277.2	82805
NC_003277.2	82813
NC_003277.2	82823
NC_003277.2	82824
NC_003277.2	82831
NC_003277.2	82834
NC_003277.2	82843
NC_003277.2	82844
NC_003277.2	82845
NC_003277.2	82849
NC_003277.2	82852
NC_003277.2	82861
NC_003277.2	82864
NC_003277.2	82867
NC_003277.2	82876
NC_003277.2	82877
NC_003277.2	82886
NC_003277.2	82889
NC_003277.2	82891
NC_003277.2	82897
NC_003277.2	82902
NC_003277.2	82903
NC_003277.2	82906
NC_003277.2	82915
NC_003277.2	82918
NC_003277.2	82927
NC_003277.2	82928
NC_003277.2	82930
NC_003277.2	82934
NC_003277.2	82943
NC_003277.2	82944
NC_003277.2	82948
NC_003277.2	82952
NC_003277.2	82957
NC_003277.2	82966
NC_003277.2	82970
NC_003277.2	82972
NC_003277.2	82982
NC_003277.2	82987
NC_003277.2	82988
NC_003277.2	82992
NC_003277.2	82996
NC_003277.2	83000
NC_003277.2	83003
NC_003277.2	83007
NC_003277.2	83012
NC_003277.2	83014
NC_003277.2	83015
NC_003277.2	83020
NC_003277.2	83024
NC_003277.2	83025
NC_003277.2	83027
NC_003277.2	83036
NC_003277.2	83037
NC_003277.2	83039
NC_003277.2	83040
NC_003277.2	83041
NC_003277.2	83055
NC_003277.2	83062
NC_003277.2	83069
NC_003277.2	83070
NC_003277.2	83072
NC_003277.2	83073
NC_003277.2	83076
NC_003277.2	83086
NC_003277.2	83089
NC_003277.2	83090
NC_003277.2	83095
NC_003277.2	83100
NC_003277.2	83101
NC_003277.2	83102
NC_003277.2	83117
NC_003277.2	83125
NC_003277.2	83128
NC_003277.2	83131
NC_003277.2	83144
NC_003277.2	83147
NC_003277.2	83149
NC_003277.2	83158
NC_003277.2	83159
NC_003277.2	83162
NC_003277.2	83171
NC_003277.2	83172
NC_003277.2	83184
NC_003277.2	83190
NC_003277.2	83193
NC_003277.2	83207
NC_003277.2	83216
NC_003277.2	83217
NC_003277.2	83224
NC_003277.2	83226
NC_003277.2	83236
NC_003277.2	83262
NC_003277.2	83295
NC_003277.2	83304
NC_003277.2	83310
NC_003277.2	83316
NC_003277.2	83319
NC_003277.2	83329
NC_003277.2	83355
NC_003277.2	83361
NC_003277.2	83367
NC_003277.2	83369
NC_003277.2	83377
NC_003277.2	83379
NC_003277.2	83385
NC_003277.2	83388
NC_003277.2	83391
NC_003277.2	83397
NC_003277.2	83400
NC_003277.2	83408
NC_003277.2	83409
NC_003277.2	83412
NC_003277.2	83416
NC_003277.2	83419
NC_003277.2	83420
NC_003277.2	83421
NC_003277.2	83427
NC_003277.2	83428
NC_003277.2	83430
NC_003277.2	83432
NC_003277.2	83434
NC_003277.2	83436
NC_003277.2	83437
NC_003277.2	83439
NC_003277.2	83448
NC_003277.2	83452
NC_003277.2	83453
NC_003277.2	83454
NC_003277.2	83460
NC_003277.2	83463
NC_003277.2	83466
NC_003277.2	83469
NC_003277.2	83472
NC_003277.2	83478
NC_003277.2	83496
NC_003277.2	83499
NC_003277.2	83514
NC_003277.2	83524
NC_003277.2	83529
NC_003277.2	83532
NC_003277.2	83535
NC_003277.2	83565
NC_003277.2	83570
NC_003277.2	83571
NC_003277.2	83573
NC_003277.2	83574
NC_003277.2	83577
NC_003277.2	83584
NC_003277.2	83586
NC_003277.2	83589
NC_003277.2	83601
NC_003277.2	83603
NC_003277.2	83604
NC_003277.2	83610
NC_003277.2	83613
NC_003277.2	83615
NC_003277.2	83616
NC_003277.2	83619
NC_003277.2	83622
NC_003277.2	83631
NC_003277.2	83634
NC_003277.2	83637
NC_003277.2	83640
NC_003277.2	83643
NC_003277.2	83655
NC_003277.2	83658
NC_003277.2	83664
NC_003277.2	83670
NC_003277.2	83673
NC_003277.2	83692
NC_003277.2	83694
NC_003277.2	83700
NC_003277.2	83712
NC_003277.2	83715
NC_003277.2	83718
NC_003277.2	83724
NC_003277.2	83725
NC_003277.2	83730
NC_003277.2	83733
NC_003277.2	83736
NC_003277.2	83739
NC_003277.2	83742
NC_003277.2	83745
NC_003277.2	83757
NC_003277.2	83772
NC_003277.2	83775
NC_003277.2	83781
NC_003277.2	83784
NC_003277.2	83787
NC_003277.2	83793
NC_003277.2	83799
NC_003277.2	83808
NC_003277.2	83811
NC_003277.2	83817
NC_003277.2	83823
NC_003277.2	83850
NC_003277.2	83853
NC_003277.2	83859
NC_003277.2	83877
NC_003277.2	83889
NC_003277.2	83892
NC_003277.2	83895
NC_003277.2	83901
NC_003277.2	83907
NC_003277.2	83910
NC_003277.2	83937
NC_003277.2	83939
NC_003277.2	83942
NC_003277.2	83949
NC_003277.2	83956
NC_003277.2	83965
NC_003277.2	83969
NC_003277.2	84003
NC_003277.2	84004
NC_003277.2	84029
NC_003277.2	84037
NC_003277.2	84067
NC_003277.2	84095
NC_003277.2	84118
NC_003277.2	84248
NC_003277.2	84258
NC_003277.2	84260
NC_003277.2	84263
NC_003277.2	84265
NC_003277.2	84270
NC_003277.2	84277
NC_003277.2	84278
NC_003277.2	84279
NC_003277.2	84281
NC_003277.2	84293
NC_003277.2	84294
NC_003277.2	84295
NC_003277.2	84304
NC_003277.2	84311
NC_003277.2	84316
NC_003277.2	84322
NC_003277.2	84328
NC_003277.2	84331
NC_003277.2	84373
NC_003277.2	84385
NC_003277.2	84397
NC_003277.2	84400
NC_003277.2	84403
NC_003277.2	84404
NC_003277.2	84424
NC_003277.2	84439
NC_003277.2	84442
NC_003277.2	84445
NC_003277.2	84448
NC_003277.2	84457
NC_003277.2	84461
NC_003277.2	84463
NC_003277.2	84484
NC_003277.2	84487
NC_003277.2	84488
NC_003277.2	84493
NC_003277.2	84514
NC_003277.2	84520
NC_003277.2	84535
NC_003277.2	84537
NC_003277.2	84538
NC_003277.2	84547
NC_003277.2	84561
NC_003277.2	84572
NC_003277.2	84574
NC_003277.2	84577
NC_003277.2	84592
NC_003277.2	84601
NC_003277.2	84607
NC_003277.2	84610
NC_003277.2	84616
NC_003277.2	84618
NC_003277.2	84620
NC_003277.2	84628
NC_003277.2	84631
NC_003277.2	84637
NC_003277.2	84640
NC_003277.2	84646
NC_003277.2	84649
NC_003277.2	84652
NC_003277.2	84662
NC_003277.2	84664
NC_003277.2	84665
NC_003277.2	84666
NC_003277.2	84673
NC_003277.2	84682
NC_003277.2	84694
NC_003277.2	84697
NC_003277.2	84701
NC_003277.2	84703
NC_003277.2	84704
NC_003277.2	84705
NC_003277.2	84707
NC_003277.2	84709
NC_003277.2	84721
NC_003277.2	84730
NC_003277.2	84736
NC_003277.2	84742
NC_003277.2	84745
NC_003277.2	84746
NC_003277.2	84751
NC_003277.2	84754
NC_003277.2	84757
NC_003277.2	84760
NC_003277.2	84763
NC_003277.2	84766
NC_003277.2	84769
NC_003277.2	84772
NC_003277.2	84775
NC_003277.2	84797
NC_003277.2	84799
NC_003277.2	84817
NC_003277.2	84820
NC_003277.2	84822
NC_003277.2	84823
NC_003277.2	84832
NC_003277.2	84834
NC_003277.2	84844
NC_003277.2	84845
NC_003277.2	84850
NC_003277.2	84853
NC_003277.2	84856
NC_003277.2	84857
NC_003277.2	84858
NC_003277.2	84865
NC_003277.2	84868
NC_003277.2	84871
NC_003277.2	84880
NC_003277.2	84882
NC_003277.2	84883
NC_003277.2	84886
NC_003277.2	84892
NC_003277.2	84895
NC_003277.2	84899
NC_003277.2	84901
NC_003277.2	84902
NC_003277.2	84913
NC_003277.2	84917
NC_003277.2	84919
NC_003277.2	84922
NC_003277.2	84925
NC_003277.2	84928
NC_003277.2	84934
NC_003277.2	84940
NC_003277.2	84952
NC_003277.2	84955
NC_003277.2	84958
NC_003277.2	84970
NC_003277.2	84973
NC_003277.2	84976
NC_003277.2	84982
NC_003277.2	84983
NC_003277.2	84985
NC_003277.2	84988
NC_003277.2	84994
NC_003277.2	85000
NC_003277.2	85006
NC_003277.2	85009
NC_003277.2	85012
NC_003277.2	85027
NC_003277.2	85030
NC_003277.2	85035
NC_003277.2	85042
NC_003277.2	85045
NC_003277.2	85048
NC_003277.2	85057
NC_003277.2	85066
NC_003277.2	85070
NC_003277.2	85071
NC_003277.2	85075
NC_003277.2	85081
NC_003277.2	85084
NC_003277.2	85086
NC_003277.2	85103
NC_003277.2	85105
NC_003277.2	85111
NC_003277.2	85114
NC_003277.2	85132
NC_003277.2	85135
NC_003277.2	85138
NC_003277.2	85141
NC_003277.2	85159
NC_003277.2	85165
NC_003277.2	85177
NC_003277.2	85186
NC_003277.2	85205
NC_003277.2	85206
NC_003277.2	85208
NC_003277.2	85222
NC_003277.2	85225
NC_003277.2	85231
NC_003277.2	85237
NC_003277.2	85246
NC_003277.2	85252
NC_003277.2	85255
NC_003277.2	85267
NC_003277.2	85272
NC_003277.2	85280
NC_003277.2	85285
NC_003277.2	85309
NC_003277.2	85315
NC_003277.2	85321
NC_003277.2	85327
NC_003277.2	85339
NC_003277.2	85360
NC_003277.2	85367
NC_003277.2	85372
NC_003277.2	85375
NC_003277.2	85378
NC_003277.2	85387
NC_003277.2	85392
NC_003277.2	85402
NC_003277.2	85403
NC_003277.2	85405
NC_003277.2	85408
NC_003277.2	85435
NC_003277.2	85438
NC_003277.2	85450
NC_003277.2	85453
NC_003277.2	85468
NC_003277.2	85471
NC_003277.2	85474
NC_003277.2	85477
NC_003277.2	85480
NC_003277.2	85486
NC_003277.2	85490
NC_003277.2	85492
NC_003277.2	85510
NC_003277.2	85534
NC_003277.2	85537
NC_003277.2	85540
NC_003277.2	85549
NC_003277.2	85558
NC_003277.2	85573
NC_003277.2	85582
NC_003277.2	85595
NC_003277.2	85597
NC_003277.2	85604
NC_003277.2	85606
NC_003277.2	85612
NC_003277.2	85618
NC_003277.2	85624
NC_003277.2	85630
NC_003277.2	85633
NC_003277.2	85634
NC_003277.2	85636
NC_003277.2	85651
NC_003277.2	85657
NC_003277.2	85663
NC_003277.2	85669
NC_003277.2	85678
NC_003277.2	85685
NC_003277.2	85686
NC_003277.2	85688
NC_003277.2	85690
NC_003277.2	85694
NC_003277.2	85699
NC_003277.2	85708
NC_003277.2	85711
NC_003277.2	85723
NC_003277.2	85726
NC_003277.2	85729
NC_003277.2	85733
NC_003277.2	85735
NC_003277.2	85738
NC_003277.2	85741
NC_003277.2	85750
NC_003277.2	85751
NC_003277.2	85753
NC_003277.2	85765
NC_003277.2	85768
NC_003277.2	85775
NC_003277.2	85786
NC_003277.2	85789
NC_003277.2	85791
NC_003277.2	85792
NC_003277.2	85794
NC_003277.2	85795
NC_003277.2	85799
NC_003277.2	85800
NC_003277.2	85813
NC_003277.2	85820
NC_003277.2	85821
NC_003277.2	85834
NC_003277.2	85849
NC_003277.2	85855
NC_003277.2	85861
NC_003277.2	85864
NC_003277.2	85876
NC_003277.2	85888
NC_003277.2	85891
NC_003277.2	85900
NC_003277.2	85901
NC_003277.2	85902
NC_003277.2	85903
NC_003277.2	85906
NC_003277.2	85915
NC_003277.2	85918
NC_003277.2	85924
NC_003277.2	85933
NC_003277.2	85939
NC_003277.2	85942
NC_003277.2	85960
NC_003277.2	85972
NC_003277.2	85984
NC_003277.2	85987
NC_003277.2	85990
NC_003277.2	85991
NC_003277.2	85993
NC_003277.2	86002
NC_003277.2	86006
NC_003277.2	86007
NC_003277.2	86011
NC_003277.2	86014
NC_003277.2	86017
NC_003277.2	86020
NC_003277.2	86023
NC_003277.2	86038
NC_003277.2	86041
NC_003277.2	86044
NC_003277.2	86047
NC_003277.2	86050
NC_003277.2	86056
NC_003277.2	86057
NC_003277.2	86058
NC_003277.2	86062
NC_003277.2	86063
NC_003277.2	86064
NC_003277.2	86074
NC_003277.2	86080
NC_003277.2	86083
NC_003277.2	86086
NC_003277.2	86098
NC_003277.2	86114
NC_003277.2	86122
NC_003277.2	86125
NC_003277.2	86135
NC_003277.2	86137
NC_003277.2	86142
NC_003277.2	86143
NC_003277.2	86147
NC_003277.2	86149
NC_003277.2	86154
NC_003277.2	86157
NC_003277.2	86160
NC_003277.2	86164
NC_003277.2	86167
NC_003277.2	86220
NC_003277.2	86221
NC_003277.2	86223
NC_003277.2	86229
NC_003277.2	86230
NC_003277.2	86232
NC_003277.2	86265
NC_003277.2	86266
NC_003277.2	86267
NC_003277.2	86268
NC_003277.2	86272
NC_003277.2	86273
NC_003277.2	86274
NC_003277.2	86278
NC_003277.2	86279
NC_003277.2	86281
NC_003277.2	86283
NC_003277.2	86284
NC_003277.2	86285
NC_003277.2	86289
NC_003277.2	86296
NC_003277.2	86299
NC_003277.2	86304
NC_003277.2	86308
NC_003277.2	86309
NC_003277.2	86311
NC_003277.2	86315
NC_003277.2	86317
NC_003277.2	86319
NC_003277.2	86320
NC_003277.2	86327
NC_003277.2	86328
NC_003277.2	86329
NC_003277.2	86332
NC_003277.2	86338
NC_003277.2	86341
NC_003277.2	86342
NC_003277.2	86346
NC_003277.2	86347
NC_003277.2	86353
NC_003277.2	86365
NC_003277.2	86374
NC_003277.2	86380
NC_003277.2	86385
NC_003277.2	86392
NC_003277.2	86401
NC_003277.2	86403
NC_003277.2	86406
NC_003277.2	86407
NC_003277.2	86416
NC_003277.2	86425
NC_003277.2	86431
NC_003277.2	86434
NC_003277.2	86448
NC_003277.2	86449
NC_003277.2	86455
NC_003277.2	86456
NC_003277.2	86458
NC_003277.2	86459
NC_003277.2	86461
NC_003277.2	86462
NC_003277.2	86463
NC_003277.2	86465
NC_003277.2	86467
NC_003277.2	86469
NC_003277.2	86470
NC_003277.2	86485
NC_003277.2	86488
NC_003277.2	86491
NC_003277.2	86494
NC_003277.2	86503
NC_003277.2	86506
NC_003277.2	86509
NC_003277.2	86512
NC_003277.2	86518
NC_003277.2	86520
NC_003277.2	86523
NC_003277.2	86524
NC_003277.2	86527
NC_003277.2	86528
NC_003277.2	86535
NC_003277.2	86538
NC_003277.2	86539
NC_003277.2	87287
NC_003277.2	87297
NC_003277.2	87299
NC_003277.2	87305
NC_003277.2	87326
NC_003277.2	87328
NC_003277.2	87334
NC_003277.2	87341
NC_003277.2	87347
NC_003277.2	87364
NC_003277.2	87368
NC_003277.2	87380
NC_003277.2	87382
NC_003277.2	87383
NC_003277.2	87386
NC_003277.2	87389
NC_003277.2	87392
NC_003277.2	87401
NC_003277.2	87402
NC_003277.2	87412
NC_003277.2	87413
NC_003277.2	87425
NC_003277.2	87428
NC_003277.2	87431
NC_003277.2	87437
NC_003277.2	87438
NC_003277.2	87440
NC_003277.2	87446
NC_003277.2	87449
NC_003277.2	87452
NC_003277.2	87458
NC_003277.2	87464
NC_003277.2	87467
NC_003277.2	87473
NC_003277.2	87492
NC_003277.2	87494
NC_003277.2	87497
NC_003277.2	87500
NC_003277.2	87503
NC_003277.2	87506
NC_003277.2	87515
NC_003277.2	87518
NC_003277.2	87530
NC_003277.2	87545
NC_003277.2	87549
NC_003277.2	87561
NC_003277.2	87563
NC_003277.2	87565
NC_003277.2	87566
NC_003277.2	87569
NC_003277.2	87575
NC_003277.2	87583
NC_003277.2	87587
NC_003277.2	87593
NC_003277.2	87602
NC_003277.2	87608
NC_003277.2	87609
NC_003277.2	87611
NC_003277.2	87617
NC_003277.2	87644
NC_003277.2	87645
NC_003277.2	87650
NC_003277.2	87680
NC_003277.2	87701
NC_003277.2	87707
NC_003277.2	87710
NC_003277.2	87713
NC_003277.2	87725
NC_003277.2	87728
NC_003277.2	87734
NC_003277.2	87737
NC_003277.2	87741
NC_003277.2	87743
NC_003277.2	87746
NC_003277.2	87749
NC_003277.2	87753
NC_003277.2	87755
NC_003277.2	87763
NC_003277.2	87764
NC_003277.2	87767
NC_003277.2	87780
NC_003277.2	87785
NC_003277.2	87797
NC_003277.2	87806
NC_003277.2	87809
NC_003277.2	87812
NC_003277.2	87818
NC_003277.2	87827
NC_003277.2	87830
NC_003277.2	87833
NC_003277.2	87842
NC_003277.2	87845
NC_003277.2	87851
NC_003277.2	87857
NC_003277.2	87863
NC_003277.2	87866
NC_003277.2	87868
NC_003277.2	87870
NC_003277.2	87872
NC_003277.2	87878
NC_003277.2	87880
NC_003277.2	87881
NC_003277.2	87882
NC_003277.2	87883
NC_003277.2	87884
NC_003277.2	87894
NC_003277.2	87902
NC_003277.2	87920
NC_003277.2	87929
NC_003277.2	87956
NC_003277.2	87959
NC_003277.2	87962
NC_003277.2	87981
NC_003277.2	87983
NC_003277.2	87986
NC_003277.2	87989
NC_003277.2	87995
NC_003277.2	88001
NC_003277.2	88007
NC_003277.2	88016
NC_003277.2	88049
NC_003277.2	88061
NC_003277.2	88076
NC_003277.2	88085
NC_003277.2	88091
NC_003277.2	88093
NC_003277.2	88103
NC_003277.2	88115
NC_003277.2	88121
NC_003277.2	88124
NC_003277.2	88133
NC_003277.2	88136
NC_003277.2	88140
NC_003277.2	88142
NC_003277.2	88148
NC_003277.2	88154
NC_003277.2	88155
NC_003277.2	88157
NC_003277.2	88165
NC_003277.2	88169
NC_003277.2	88177
NC_003277.2	88178
NC_003277.2	88187
NC_003277.2	88189
NC_003277.2	88191
NC_003277.2	88197
NC_003277.2	88198
NC_003277.2	88199
NC_003277.2	88209
NC_003277.2	88210
NC_003277.2	88218
NC_003277.2	88220
NC_003277.2	88235
NC_003277.2	88241
NC_003277.2	88256
NC_003277.2	88259
NC_003277.2	88262
NC_003277.2	88265
NC_003277.2	88268
NC_003277.2	88280
NC_003277.2	88283
NC_003277.2	88307
NC_003277.2	88310
NC_003277.2	88323
NC_003277.2	88324
NC_003277.2	88325
NC_003277.2	88328
NC_003277.2	88337
NC_003277.2	88338
NC_003277.2	88339
NC_003277.2	88340
NC_003277.2	88343
NC_003277.2	88346
NC_003277.2	88352
NC_003277.2	88355
NC_003277.2	88370
NC_003277.2	88373
NC_003277.2	88394
NC_003277.2	88397
NC_003277.2	88403
NC_003277.2	88406
NC_003277.2	88415
NC_003277.2	88418
NC_003277.2	88421
NC_003277.2	88445
NC_003277.2	88460
NC_003277.2	88461
NC_003277.2	88463
NC_003277.2	88466
NC_003277.2	88475
NC_003277.2	88493
NC_003277.2	88505
NC_003277.2	88508
NC_003277.2	88511
NC_003277.2	88517
NC_003277.2	88522
NC_003277.2	88523
NC_003277.2	88524
NC_003277.2	88535
NC_003277.2	88541
NC_003277.2	88547
NC_003277.2	88553
NC_003277.2	88562
NC_003277.2	88568
NC_003277.2	88578
NC_003277.2	88580
NC_003277.2	88581
NC_003277.2	88586
NC_003277.2	88598
NC_003277.2	88604
NC_003277.2	88610
NC_003277.2	88622
NC_003277.2	88629
NC_003277.2	88630
NC_003277.2	88631
NC_003277.2	88655
NC_003277.2	88658
NC_003277.2	88670
NC_003277.2	88672
NC_003277.2	88673
NC_003277.2	88682
NC_003277.2	88685
NC_003277.2	88693
NC_003277.2	88694
NC_003277.2	88715
NC_003277.2	88739
NC_003277.2	88749
NC_003277.2	88753
NC_003277.2	88757
NC_003277.2	88764
NC_003277.2	88765
NC_003277.2	88766
NC_003277.2	88769
NC_003277.2	88770
NC_003277.2	88772
NC_003277.2	88790
NC_003277.2	88793
NC_003277.2	88802
NC_003277.2	88808
NC_003277.2	88811
NC_003277.2	88820
NC_003277.2	88826
NC_003277.2	88827
NC_003277.2	88829
NC_003277.2	88841
NC_003277.2	88844
NC_003277.2	88847
NC_003277.2	88850
NC_003277.2	88862
NC_003277.2	88868
NC_003277.2	88871
NC_003277.2	88874
NC_003277.2	88883
NC_003277.2	88886
NC_003277.2	88892
NC_003277.2	88901
NC_003277.2	88907
NC_003277.2	88928
NC_003277.2	88934
NC_003277.2	88941
NC_003277.2	88942
NC_003277.2	88943
NC_003277.2	88946
NC_003277.2	88958
NC_003277.2	88961
NC_003277.2	88962
NC_003277.2	88968
NC_003277.2	88969
NC_003277.2	88970
NC_003277.2	88976
NC_003277.2	88980
NC_003277.2	88982
NC_003277.2	88988
NC_003277.2	88991
NC_003277.2	89000
NC_003277.2	89027
NC_003277.2	89035
NC_003277.2	89039
NC_003277.2	89054
NC_003277.2	89081
NC_003277.2	89082
NC_003277.2	89084
NC_003277.2	89087
NC_003277.2	89103
NC_003277.2	89105
NC_003277.2	89106
NC_003277.2	89107
NC_003277.2	89109
NC_003277.2	89110
NC_003277.2	89111
NC_003277.2	89114
NC_003277.2	89129
NC_003277.2	89132
NC_003277.2	89138
NC_003277.2	89139
NC_003277.2	89141
NC_003277.2	89147
NC_003277.2	89151
NC_003277.2	89155
NC_003277.2	89156
NC_003277.2	89200
NC_003277.2	89213
NC_003277.2	89225
NC_003277.2	89226
NC_003277.2	89227
NC_003277.2	89228
NC_003277.2	89260
NC_003277.2	89266
NC_003277.2	89267
NC_003277.2	89276
NC_003277.2	89285
NC_003277.2	89297
NC_003277.2	89300
NC_003277.2	89303
NC_003277.2	89312
NC_003277.2	89336
NC_003277.2	89339
NC_003277.2	89346
NC_003277.2	89354
NC_003277.2	89360
NC_003277.2	89361
NC_003277.2	89363
NC_003277.2	89375
NC_003277.2	89381
NC_003277.2	89384
NC_003277.2	89390
NC_003277.2	89399
NC_003277.2	89417
NC_003277.2	89426
NC_003277.2	89428
NC_003277.2	89435
NC_003277.2	89438
NC_003277.2	89450
NC_003277.2	89453
NC_003277.2	89464
NC_003277.2	89468
NC_003277.2	89474
NC_003277.2	89486
NC_003277.2	89489
NC_003277.2	89513
NC_003277.2	89514
NC_003277.2	89515
NC_003277.2	89516
NC_003277.2	89519
NC_003277.2	89522
NC_003277.2	89525
NC_003277.2	89526
NC_003277.2	89528
NC_003277.2	89540
NC_003277.2	89549
NC_003277.2	89554
NC_003277.2	89555
NC_003277.2	89561
NC_003277.2	89573
NC_003277.2	89585
NC_003277.2	89603
NC_003277.2	89621
NC_003277.2	89632
NC_003277.2	89633
NC_003277.2	89642
NC_003277.2	89660
NC_003277.2	89682
NC_003277.2	89699
NC_003277.2	89702
NC_003277.2	89720
NC_003277.2	89723
NC_003277.2	89732
NC_003277.2	89738
NC_003277.2	89744
NC_003277.2	89753
NC_003277.2	89754
NC_003277.2	89759
NC_003277.2	89762
NC_003277.2	89765
NC_003277.2	89768
NC_003277.2	89777
NC_003277.2	89811
NC_003277.2	89815
NC_003277.2	89828
NC_003277.2	89834
NC_003277.2	89836
NC_003277.2	89837
NC_003277.2	89846
NC_003277.2	89879
NC_003277.2	89882
NC_003277.2	89891
NC_003277.2	89895
NC_003277.2	89915
NC_003277.2	89921
NC_003277.2	89939
NC_003277.2	89963
NC_003277.2	89970
NC_003277.2	89976
NC_003277.2	89988
NC_003277.2	89996
NC_003277.2	89997
NC_003277.2	90014
NC_003277.2	90017
NC_003277.2	90047
NC_003277.2	90058
NC_003277.2	90066
NC_003277.2	90086
NC_003277.2	90095
NC_003277.2	90098
NC_003277.2	90104
NC_003277.2	90106
NC_003277.2	90107
NC_003277.2	90113
NC_003277.2	90116
NC_003277.2	90119
NC_003277.2	90122
NC_003277.2	90140
NC_003277.2	90152
NC_003277.2	90158
NC_003277.2	90175
NC_003277.2	90176
NC_003277.2	90185
NC_003277.2	90194
NC_003277.2	90206
NC_003277.2	90215
NC_003277.2	90222
NC_003277.2	90223
NC_003277.2	90224
NC_003277.2	90236
NC_003277.2	90242
NC_003277.2	90248
NC_003277.2	90257
NC_003277.2	90263
NC_003277.2	90272
NC_003277.2	90296
NC_003277.2	90303
NC_003277.2	90319
NC_003277.2	90329
NC_003277.2	90344
NC_003277.2	90347
NC_003277.2	90350
NC_003277.2	90354
NC_003277.2	90356
NC_003277.2	90377
NC_003277.2	90389
NC_003277.2	90398
NC_003277.2	90407
NC_003277.2	90416
NC_003277.2	90425
NC_003277.2	90443
NC_003277.2	90449
NC_003277.2	90476
NC_003277.2	90479
NC_003277.2	90488
NC_003277.2	90491
NC_003277.2	90503
NC_003277.2	90509
NC_003277.2	90515
NC_003277.2	90560
NC_003277.2	90593
NC_003277.2	90599
NC_003277.2	90611
NC_003277.2	90614
NC_003277.2	90629
NC_003277.2	90632
NC_003277.2	90635
NC_003277.2	90644
NC_003277.2	90653
NC_003277.2	90662
NC_003277.2	90665
NC_003277.2	90671
NC_003277.2	90686
NC_003277.2	90689
NC_003277.2	90692
NC_003277.2	90717
NC_003277.2	90719
NC_003277.2	90721
NC_003277.2	90726
NC_003277.2	90740
NC_003277.2	90742
NC_003277.2	90743
NC_003277.2	90749
NC_003277.2	90753
NC_003277.2	90754
NC_003277.2	90761
NC_003277.2	90764
NC_003277.2	90767
NC_003277.2	90769
NC_003277.2	90771
NC_003277.2	90776
NC_003277.2	90785
NC_003277.2	90791
NC_003277.2	90792
NC_003277.2	90797
NC_003277.2	90812
NC_003277.2	90815
NC_003277.2	90817
NC_003277.2	90828
NC_003277.2	90836
NC_003277.2	90837
NC_003277.2	90849
NC_003277.2	90855
NC_003277.2	90856
NC_003277.2	90858
NC_003277.2	90859
NC_003277.2	90860
NC_003277.2	90863
NC_003277.2	90869
NC_003277.2	90872
NC_003277.2	90875
NC_003277.2	90884
NC_003277.2	90888
NC_003277.2	90893
NC_003277.2	90902
NC_003277.2	90932
NC_003277.2	90941
NC_003277.2	90968
NC_003277.2	90983
NC_003277.2	90986
NC_003277.2	90989
NC_003277.2	91007
NC_003277.2	91013
NC_003277.2	91015
NC_003277.2	91018
NC_003277.2	91025
NC_003277.2	91042
NC_003277.2	91043
NC_003277.2	91046
NC_003277.2	91052
NC_003277.2	91057
NC_003277.2	91061
NC_003277.2	91070
NC_003277.2	91073
NC_003277.2	91079
NC_003277.2	91082
NC_003277.2	91088
NC_003277.2	91094
NC_003277.2	91107
NC_003277.2	91109
NC_003277.2	91114
NC_003277.2	91117
NC_003277.2	91118
NC_003277.2	91121
NC_003277.2	91124
NC_003277.2	91126
NC_003277.2	91172
NC_003277.2	91184
NC_003277.2	91191
NC_003277.2	91193
NC_003277.2	91197
NC_003277.2	91198
NC_003277.2	91201
NC_003277.2	91202
NC_003277.2	91211
NC_003277.2	91214
NC_003277.2	91217
NC_003277.2	91223
NC_003277.2	91232
NC_003277.2	91235
NC_003277.2	91237
NC_003277.2	91241
NC_003277.2	91244
NC_003277.2	91256
NC_003277.2	91261
NC_003277.2	91262
NC_003277.2	91268
NC_003277.2	91271
NC_003277.2	91280
NC_003277.2	91301
NC_003277.2	91317
NC_003277.2	91322
NC_003277.2	91325
NC_003277.2	91328
NC_003277.2	91358
NC_003277.2	91376
NC_003277.2	91388
NC_003277.2	91390
NC_003277.2	91392
NC_003277.2	91394
NC_003277.2	91395
NC_003277.2	91397
NC_003277.2	91406
NC_003277.2	91410
NC_003277.2	91412
NC_003277.2	91415
NC_003277.2	91420
NC_003277.2	91421
NC_003277.2	91427
NC_003277.2	91428
NC_003277.2	91454
NC_003277.2	91469
NC_003277.2	91473
NC_003277.2	91487
NC_003277.2	91493
NC_003277.2	91496
NC_003277.2	91505
NC_003277.2	91511
NC_003277.2	91514
NC_003277.2	91517
NC_003277.2	91520
NC_003277.2	91526
NC_003277.2	91527
NC_003277.2	91537
NC_003277.2	91544
NC_003277.2	91547
NC_003277.2	91556
NC_003277.2	91559
NC_003277.2	91562
NC_003277.2	91568
NC_003277.2	91607
NC_003277.2	91608
NC_003277.2	91619
NC_003277.2	91623
NC_003277.2	91624
NC_003277.2	91625
NC_003277.2	91626
NC_003277.2	91628
NC_003277.2	91634
NC_003277.2	91639
NC_003277.2	91643
NC_003277.2	91645
NC_003277.2	91646
NC_003277.2	91649
NC_003277.2	91652
NC_003277.2	91655
NC_003277.2	91658
NC_003277.2	91664
NC_003277.2	91667
NC_003277.2	91671
NC_003277.2	91673
NC_003277.2	91676
NC_003277.2	91679
NC_003277.2	91683
NC_003277.2	91685
NC_003277.2	91688
NC_003277.2	91691
NC_003277.2	91695
NC_003277.2	91697
NC_003277.2	91703
NC_003277.2	91712
NC_003277.2	91721
NC_003277.2	91724
NC_003277.2	91727
NC_003277.2	91733
NC_003277.2	91748
NC_003277.2	91751
NC_003277.2	91754
NC_003277.2	91763
NC_003277.2	91766
NC_003277.2	91769
NC_003277.2	91770
NC_003277.2	91772
NC_003277.2	91775
NC_003277.2	91778
NC_003277.2	91781
NC_003277.2	91784
NC_003277.2	91785
NC_003277.2	91786
NC_003277.2	91796
NC_003277.2	91798
NC_003277.2	91799
NC_003277.2	91802
NC_003277.2	91805
NC_003277.2	91814
NC_003277.2	91820
NC_003277.2	91823
NC_003277.2	91826
NC_003277.2	91832
NC_003277.2	91847
NC_003277.2	91871
NC_003277.2	91874
NC_003277.2	91877
NC_003277.2	91904
NC_003277.2	91916
NC_003277.2	91917
NC_003277.2	91918
NC_003277.2	91936
NC_003277.2	91937
NC_003277.2	91940
NC_003277.2	91946
NC_003277.2	91949
NC_003277.2	91961
NC_003277.2	91963
NC_003277.2	91964
NC_003277.2	91967
NC_003277.2	91976
NC_003277.2	91994
NC_003277.2	92006
NC_003277.2	92020
NC_003277.2	92023
NC_003277.2	92024
NC_003277.2	92036
NC_003277.2	92051
NC_003277.2	92054
NC_003277.2	92069
NC_003277.2	92079
NC_003277.2	92084
NC_003277.2	92086
NC_003277.2	92093
NC_003277.2	92096
NC_003277.2	92102
NC_003277.2	92113
NC_003277.2	92114
NC_003277.2	92120
NC_003277.2	92126
NC_003277.2	92130
NC_003277.2	92132
NC_003277.2	92141
NC_003277.2	92147
NC_003277.2	92150
NC_003277.2	92155
NC_003277.2	92156
NC_003277.2	92158
NC_003277.2	92162
NC_003277.2	92168
NC_003277.2	92171
NC_003277.2	92174
NC_003277.2	92177
NC_003277.2	92180
NC_003277.2	92183
NC_003277.2	92202
NC_003277.2	92204
NC_003277.2	92222
NC_003277.2	92231
NC_003277.2	92232
NC_003277.2	92246
NC_003277.2	92248
NC_003277.2	92255
NC_003277.2	92258
NC_003277.2	92264
NC_003277.2	92282
NC_003277.2	92286
NC_003277.2	92292
NC_003277.2	92307
NC_003277.2	92315
NC_003277.2	92317
NC_003277.2	92324
NC_003277.2	92342
NC_003277.2	92350
NC_003277.2	92351
NC_003277.2	92355
NC_003277.2	92357
NC_003277.2	92358
NC_003277.2	92361
NC_003277.2	92364
NC_003277.2	92365
NC_003277.2	92366
NC_003277.2	92367
NC_003277.2	92379
NC_003277.2	92382
NC_003277.2	92405
NC_003277.2	92409
NC_003277.2	92415
NC_003277.2	92426
NC_003277.2	92427
NC_003277.2	92429
NC_003277.2	92430
NC_003277.2	92433
NC_003277.2	92439
NC_003277.2	92441
NC_003277.2	92444
NC_003277.2	92453
NC_003277.2	92455
NC_003277.2	92457
NC_003277.2	92458
NC_003277.2	92459
NC_003277.2	92461
NC_003277.2	92468
NC_003277.2	92483
NC_003277.2	92485
NC_003277.2	92489
NC_003277.2	92495
NC_003277.2	92521
NC_003277.2	92522
NC_003277.2	92528
NC_003277.2	92538
NC_003277.2	92545
NC_003277.2	92550
NC_003277.2	92551
NC_003277.2	92552
NC_003277.2	92559
NC_003277.2	92561
NC_003277.2	92569
NC_003277.2	92586
NC_003277.2	92588
NC_003277.2	92592
NC_003277.2	92594
NC_003277.2	92599
NC_003277.2	92600
NC_003277.2	92601
NC_003277.2	92608
NC_003277.2	92611
NC_003277.2	92619
NC_003277.2	92620
NC_003277.2	92627
NC_003277.2	92634
NC_003277.2	92637
NC_003277.2	92644
NC_003277.2	92646
NC_003277.2	92650
NC_003277.2	92661
NC_003277.2	92667
NC_003277.2	92671
NC_003277.2	92683
NC_003277.2	92692
NC_003277.2	92693
NC_003277.2	92694
NC_003277.2	92700
NC_003277.2	92703
NC_003277.2	92709
NC_003277.2	92713
NC_003277.2	92725
NC_003277.2	92742
NC_003277.2	92748
NC_003277.2	92755
NC_003277.2	92766
NC_003277.2	92775
NC_003277.2	92781
NC_003277.2	92789
NC_003277.2	92790
NC_003277.2	92794
NC_003277.2	92804
NC_003277.2	92805
NC_003277.2	92809
NC_003277.2	92810
NC_003277.2	92811
NC_003277.2	92814
NC_003277.2	92838
NC_003277.2	92841
NC_003277.2	92844
NC_003277.2	92847
NC_003277.2	92852
NC_003277.2	92855
NC_003277.2	92861
NC_003277.2	92868
NC_003277.2	92870
NC_003277.2	92871
NC_003277.2	92877
NC_003277.2	92886
NC_003277.2	92895
NC_003277.2	92910
NC_003277.2	92913
NC_003277.2	92914
NC_003277.2	92916
NC_003277.2	92919
NC_003277.2	92924
NC_003277.2	92930
NC_003277.2	92931
NC_003277.2	92940
NC_003277.2	92941
NC_003277.2	92942
NC_003277.2	92949
NC_003277.2	92950
NC_003277.2	92953
NC_003277.2	92954
NC_003277.2	92955
NC_003277.2	92956
NC_003277.2	92961
NC_003277.2	92971
NC_003277.2	92972
NC_003277.2	92973
NC_003277.2	92974
NC_003277.2	92979
NC_003277.2	92984
NC_003277.2	92992
NC_003277.2	92993
NC_003277.2	92994
NC_003277.2	92997
NC_003277.2	92998
NC_003277.2	93006
NC_003277.2	93012
NC_003277.2	93019
NC_003277.2	93027
NC_003277.2	93028
NC_003277.2	93034
NC_003277.2	93046
NC_003277.2	93048
NC_003277.2	93049
NC_003277.2	93064
NC_003277.2	93066
NC_003277.2	93067
NC_003277.2	93068
NC_003277.2	93072
NC_003277.2	93074
NC_003277.2	93075
NC_003277.2	93077
NC_003277.2	93078
NC_003277.2	93083
NC_003277.2	93093
NC_003277.2	93095
NC_003277.2	93096
NC_003277.2	93105
NC_003277.2	93106
NC_003277.2	93109
NC_003277.2	93114
NC_003277.2	93117
NC_003277.2	93120
NC_003277.2	93126
NC_003277.2	93132
NC_003277.2	93134
NC_003277.2	93159
NC_003277.2	93162
NC_003277.2	93166
NC_003277.2	93169
NC_003277.2	93174
NC_003277.2	93176
NC_003277.2	93183
NC_003277.2	93186
NC_003277.2	93192
NC_003277.2	93195
NC_003277.2	93202
NC_003277.2	93207
NC_003277.2	93214
NC_003277.2	93215
NC_003277.2	93216
NC_003277.2	93222
NC_003277.2	93231
NC_003277.2	93233
NC_003277.2	93234
NC_003277.2	93237
NC_003277.2	93247
NC_003277.2	93248
NC_003277.2	93249
NC_003277.2	93255
NC_003277.2	93256
NC_003277.2	93261
NC_003277.2	93272
NC_003277.2	93273
NC_003277.2	93289
NC_003277.2	93314
NC_003277.2	93316
NC_003277.2	93318
NC_003277.2	93322
NC_003277.2	93324
NC_003277.2	93329
NC_003277.2	93331
NC_003277.2	93335
NC_003277.2	93341
NC_003277.2	93343
NC_003277.2	93354
NC_003277.2	93363
NC_003277.2	93384
NC_003277.2	93390
NC_003277.2	93393
NC_003277.2	93396
NC_003277.2	93402
NC_003277.2	93403
NC_003277.2	93407
NC_003277.2	93408
NC_003277.2	93410
NC_003277.2	93420
NC_003277.2	93429
NC_003277.2	93432
NC_003277.2	93435
NC_003277.2	93447
NC_003277.2	93450
NC_003277.2	93465
NC_003277.2	93468
NC_003277.2	93472
NC_003277.2	93480
NC_003277.2	93483
NC_003277.2	93485
NC_003277.2	93486
NC_003277.2	93489
NC_003277.2	93491
NC_003277.2	93501
NC_003277.2	93502
NC_003277.2	93503
NC_003277.2	93504
NC_003277.2	93510
NC_003277.2	93512
NC_003277.2	93522
NC_003277.2	93524
NC_003277.2	93528
NC_003277.2	93532
NC_003277.2	93534
NC_003277.2	93536
NC_003277.2	93537
NC_003277.2	93546
NC_003277.2	93549
NC_003277.2	93554
NC_003277.2	93557
NC_003277.2	93562
NC_003277.2	93564
NC_003277.2	93565
NC_003277.2	93570
NC_003277.2	93573
NC_003277.2	93576
NC_003277.2	93579
NC_003277.2	93581
NC_003277.2	93585
NC_003277.2	93591
NC_003277.2	93606
NC_003277.2	93607
NC_003277.2	93609
NC_003277.2	93618
NC_003277.2	93630
NC_003277.2	93634
NC_003277.2	93636
NC_003277.2	93642
NC_003277.2	93645
NC_003277.2	93646
NC_003277.2	93648
NC_003277.2	93651
NC_003277.2	93655
NC_003277.2	93658
NC_003277.2	93666
NC_003277.2	93671
NC_003277.2	93672
NC_003277.2	93673
NC_003277.2	93681
NC_003277.2	93682
NC_003277.2	93683
NC_003277.2	93693
NC_003277.2	93696
NC_003277.2	93699
NC_003277.2	93705
NC_003277.2	93706
NC_003277.2	93708
NC_003277.2	93709
NC_003277.2	93710
NC_003277.2	93712
NC_003277.2	93714
NC_003277.2	93723
NC_003277.2	93726
NC_003277.2	93729
NC_003277.2	93730
NC_003277.2	93738
NC_003277.2	93744
NC_003277.2	93750
NC_003277.2	93751
NC_003277.2	93753
NC_003277.2	93756
NC_003277.2	93768
NC_003277.2	93777
NC_003277.2	93811
NC_003277.2	93814
NC_003277.2	93815
NC_003277.2	93822
NC_003277.2	93826
NC_003277.2	93827
